product title,product handle,problem,current image URL,replacement image URL,source page,note
OPI GelColor Aurora Berry-alis 0.5 oz GCI64,opi-gelcolor-aurora-berry-alis-0-5-oz-gci64,"Visible ""BeautyZoneSupply"" text under bottle",https://cdn.shopify.com/s/files/1/0752/7546/8972/files/BeautyZoneSupply_OPIGelColorInteli-GelAuroraBerry-alis0.5oz_GCI64.png?v=1789232866,https://cdn.shopify.com/s/files/1/0649/4879/7673/files/gc26_ecommerce_2026_jpg_aurora_berry_alis_gci64_gel_nail_polish_99399001992_2000x2477_a250bef8-cb62-4709-8d5b-413cd7aac8a8.jpg?v=1772828569,https://www.opi.com/products/gel-nail-polish-aurora-berry-alis,"opi.com main image (2000x2477), SKU GCI64; alt: OPI Aurora Berry-alis Pink Gel Nail Polish"
"OPI GelColor Baby, Take a Vow 0.5 oz GCSH1",opi-gelcolor-baby-take-a-vow-0-5-oz-gcsh1,"Bottle with small hand-swatch collage inset; not a clean single product shot (minor); main image 500x500, under 600px",https://cdn.shopify.com/s/files/1/0752/7546/8972/files/OPIGelColorInteli-GelBaby_TakeaVow0-Photoroom.webp?v=1789232783,https://cdn.shopify.com/s/files/1/0649/4879/7673/files/gc24_ecommerce_2024_jpg_baby_take_a_vow_gcsh1_gel_nail_polish_99399000612_2000x2477_2e8c4fbc-4f53-45f9-b753-a889ae3f0173.jpg?v=1725369439,https://www.opi.com/products/gel-nail-polish-baby-take-a-vow,"opi.com main image (2000x2477), SKU GCSH1; alt: OPI Baby, Take a Vow Pink Gel Nail Polish"
OPI GelColor Bare My Soul 0.5 oz GCSH4,opi-gelcolor-bare-my-soul-0-5-oz-gcsh4,"Bottle with small hand-swatch collage inset; not a clean single product shot (minor); main image 500x500, under 600px",https://cdn.shopify.com/s/files/1/0752/7546/8972/files/OPIGelColorInteli-GelBareMySoul0-Photoroom.webp?v=1789232779,https://cdn.shopify.com/s/files/1/0649/4879/7673/files/gc24_ecommerce_2024_jpg_bare_my_soul_gcsh4_gel_nail_polish_99399000613_2000x2477_60843118-4677-4507-95c2-39aef185d951.jpg?v=1725369505,https://www.opi.com/products/gel-nail-polish-bare-my-soul,"opi.com main image (2000x2477), SKU GCSH4; alt: OPI Bare My Soul Nude Gel Nail Polish"
OPI GelColor Big Apple Red 0.5 oz GCN25,opi-gelcolor-big-apple-red-0-5-oz-gcn25,"Bottle with small hand-swatch collage inset; not a clean single product shot (minor); main image 500x500, under 600px",https://cdn.shopify.com/s/files/1/0752/7546/8972/files/OPIGelColorInteli-GelBigAppleRed0-Photoroom.webp?v=1789232695,https://cdn.shopify.com/s/files/1/0649/4879/7673/files/gc24_ecommerce_2024_jpg_big_apple_red_gcn25_gel_nail_polish_99399000588_2000x2477_df0f7d54-d571-4cba-9ae3-d38ed9fd32a7.jpg?v=1725369693,https://www.opi.com/products/gel-nail-polish-big-apple-red,"opi.com main image (2000x2477), SKU GCN25; alt: OPI Big Apple Red® Red Gel Nail Polish"
OPI GelColor Black Onyx 0.5 oz GCT02,opi-gelcolor-black-onyx-0-5-oz-gct02,"Visible ""Beautyzo..."" (Beauty Zone) watermark cut off at bottom right; also small hand inset, bottle is a dull non-studio photo; main image 500x500, under 600px",https://cdn.shopify.com/s/files/1/0752/7546/8972/files/OPIGelColorInteli-GelBlackOnyx0.5oz_GCT02.webp?v=1789232962,https://cdn.shopify.com/s/files/1/0649/4879/7673/files/gc24_ecommerce_2024_jpg_black_onyx_gct02_gel_nail_polish_99399000614_2000x2477_af1cae6f-76c5-4638-a11d-1c7288895449.jpg?v=1725369880,https://www.opi.com/products/gel-nail-polish-black-onyx,"opi.com main image (2000x2477), SKU GCT02; alt: OPI Black Onyx® Black Gel Nail Polish"
OPI GelColor Bubble Bath 0.5 oz GCS86,opi-gelcolor-bubble-bath-0-5-oz-gcs86,"Bottle held by a large hand, hand fills left half; not a clean product shot (minor)",https://cdn.shopify.com/s/files/1/0752/7546/8972/files/OPI-GelColor-Inteli-Gel-Bubble-Bath-0-5-oz--GCS86.png?v=1789232780,https://cdn.shopify.com/s/files/1/0649/4879/7673/files/gc24_ecommerce_2024_jpg_bubble_bath_gcs86_gel_nail_polish_99399000611_2000x2477_c57bae26-991f-48b5-a063-aa600a704ba9.jpg?v=1733199687,https://www.opi.com/products/gel-nail-polish-bubble-bath,"opi.com main image (2000x2477), SKU GCS86; alt: OPI Bubble Bath Nude Gel Nail Polish"
OPI GelColor Chick Flick Cherry 0.5 oz GCH02,opi-gelcolor-chick-flick-cherry-0-5-oz-gch02,"Visible ""BeautyZoneSupply"" text under bottle",https://cdn.shopify.com/s/files/1/0752/7546/8972/files/BeautyZoneSupply_OPIGelColorInteli-GelChickFlickCherry0.5oz_GCH02.png?v=1789232697,https://cdn.shopify.com/s/files/1/0649/4879/7673/files/gc26_ecommerce_2026_jpg_chick_flick_cherry_gch02_gel_nail_polish_99399001990_2000x2477_70a72a64-1367-4c68-970b-3a2e7d16162f.jpg?v=1772828616,https://www.opi.com/products/gel-nail-polish-chick-flick-cherry,"opi.com main image (2000x2477), SKU GCH02; alt: OPI Chick Flick Cherry Red Gel Nail Polish"
OPI GelColor Chiffon'd of You 0.5 oz GCSH3,opi-gelcolor-chiffond-of-you-0-5-oz-gcsh3,"Visible ""BeautyZoneSupply"" text under bottle",https://cdn.shopify.com/s/files/1/0752/7546/8972/files/BeautyZoneSupply_OPIGelColorInteli-GelChiffon_dofYou0.5oz_GCSH3.png?v=1789232883,https://cdn.shopify.com/s/files/1/0649/4879/7673/files/gc26_ecommerce_2026_jpg_chiffon_d_of_you_gcsh3_gel_nail_polish_99399002009_2000x2477_25e992fe-a724-45a1-bd27-92ee08aa64ca.jpg?v=1772828636,https://www.opi.com/products/gel-nail-polish-chiffon-d-of-you,"opi.com main image (2000x2477), SKU GCSH3; alt: OPI Chiffon-d of You Metallic Gel Nail Polish"
OPI GelColor Dutch Tulips 0.5 oz GCL60,opi-gelcolor-dutch-tulips-0-5-oz-gcl60,"Visible ""Beautyzo..."" (Beauty Zone) watermark at bottom; hand inset collage; main image 500x500, under 600px",https://cdn.shopify.com/s/files/1/0752/7546/8972/files/OPIGelColorInteli-GelDutchTulips0.5oz_GCL60.webp?v=1789232692,https://cdn.shopify.com/s/files/1/0649/4879/7673/files/gc24_ecommerce_2024_jpg_dutch_tulips_gcl60_gel_nail_polish_99399000658_2000x2477_ee68cf81-a824-4cc2-bbd0-b2b81a54f1d1.jpg?v=1725371069,https://www.opi.com/products/gel-nail-polish-dutch-tulips,"opi.com main image (2000x2477), SKU GCL60; alt: OPI Dutch Tulips Pink Gel Nail Polish"
"OPI GelColor Emmy, Have You Seen Oscar? 0.5 oz GCH012",opi-gelcolor-emmy-have-you-seen-oscar-0-5-oz-gch012,"Visible ""BeautyzoneSupply"" text at bottom; hand inset collage",https://cdn.shopify.com/s/files/1/0752/7546/8972/files/OPIGelColorInteli-GelEmmy_HaveYouSeenOscar0.5oz_GCH012.webp?v=1789232957,https://cdn.shopify.com/s/files/1/0649/4879/7673/files/gc24_ecommerce_2024_jpg_emmy_have_you_seen_oscar_gch012_gel_nail_polish_99399000750_2000x2477_2d04c596-6e8c-4ba6-8a8c-f81827cae983.jpg?v=1725371111,https://www.opi.com/products/gel-nail-polish-emmy-have-you-seen-oscar,"opi.com main image (2000x2477), SKU GCH012; alt: OPI Emmy, have you seen Oscar? Red Gel Nail Polish"
OPI GelColor Funny Bunny 0.5 oz GCH22,opi-gelcolor-funny-bunny-0-5-oz-gch22,"Visible ""Beautyzone Su..."" watermark at bottom; hand inset collage; main image 500x500, under 600px",https://cdn.shopify.com/s/files/1/0752/7546/8972/files/OPIGelColorInteli-GelFunnyBunny0-Photoroom.webp?v=1789232689,https://cdn.shopify.com/s/files/1/0649/4879/7673/files/gc24_ecommerce_2024_jpg_funny_bunny_gch22_gel_nail_polish_99399000647_2000x2477_208e6e6e-a459-4c34-be3f-bd45c48b2073.jpg?v=1725371349,https://www.opi.com/products/gel-nail-polish-funny-bunny,"opi.com main image (2000x2477), SKU GCH22; alt: OPI Funny Bunny® White Gel Nail Polish"
OPI GelColor Getting Nadi On My Honeymoon 0.5 oz GCF82,opi-gelcolor-getting-nadi-on-my-honeymoon-0-5-oz-gcf82,"Visible ""BeautyzoneSupply"" text at bottom; hand inset collage",https://cdn.shopify.com/s/files/1/0752/7546/8972/files/OPIGelColorInteli-GelGettingNadiOnMyHoneymoon0.5oz_GCF82.webp?v=1789232954,https://cdn.shopify.com/s/files/1/0649/4879/7673/files/gc24_ecommerce_2024_jpg_getting_nadi_on_my_honeymoon_gcf82_gel_nail_polish_99399000642_2000x2477_76f9643c-0c61-4bcd-ae9c-117faffd6791.jpg?v=1725371239,https://www.opi.com/products/gel-nail-polish-getting-nadi-on-my-honeymoon,"opi.com main image (2000x2477), SKU GCF82; alt: OPI Getting Nadi On My Honeymoon Pink Gel Nail Polish"
OPI GelColor Hollywood & Vibe 0.5 oz GCH004,opi-gelcolor-hollywood-vibe-0-5-oz-gch004,"Visible ""BeautyZoneSupply"" text under bottle",https://cdn.shopify.com/s/files/1/0752/7546/8972/files/BeautyZoneSupply_OPIGelColorInteli-GelHollywood_Vibe0.5oz_GCH004.png?v=1789232869,https://cdn.shopify.com/s/files/1/0649/4879/7673/files/gc26_ecommerce_2026_jpg_hollywood_and_vibe_gch004_gel_nail_polish_99399001989_2000x2477_6a37b816-c38c-4713-83bb-2a6ad1c3ca5f.jpg?v=1772828668,https://www.opi.com/products/gel-nail-polish-hollywood-vibe,"opi.com main image (2000x2477), SKU GCH004; alt: OPI Hollywood & Vibe Pink Gel Nail Polish"
OPI GelColor Hue is the Artist? 0.5 oz GCM94,opi-gelcolor-hue-is-the-artist-0-5-oz-gcm94,"Only a flat color swatch circle with caption ""Hue is the Artist?"", no bottle; tiny 225x195; main image 225x195, under 600px",https://cdn.shopify.com/s/files/1/0752/7546/8972/files/OPI-GelColor-Inteli-Gel-Hue-is-the-Artist-0-5-oz-GCM94.png?v=1789232958,https://cdn.shopify.com/s/files/1/0649/4879/7673/files/gc26_ecommerce_2026_jpg_hue_is_the_artist_gcm94_gel_nail_polish_99399001996_2000x2477_510b9da8-d60f-4c0f-b6b0-21f585fd3d89.jpg?v=1772828683,https://www.opi.com/products/gel-nail-polish-hue-is-the-artist,"opi.com main image (2000x2477), SKU GCM94; alt: OPI Hue is the Artist? White Gel Nail Polish"
OPI GelColor I'm Really an Actress 0.5 oz GCH010,opi-gelcolor-im-really-an-actress-0-5-oz-gch010,"Visible ""BeautyzoneSupply"" text at bottom; 3-hand collage inset",https://cdn.shopify.com/s/files/1/0752/7546/8972/files/OPIGelColorInteli-GelI_mReallyanActress0.5oz_GCH010.webp?v=1789232958,https://cdn.shopify.com/s/files/1/0649/4879/7673/files/gc24_ecommerce_2024_jpg_im_really_an_actress_gch010_gel_nail_polish_99399000771_2000x2477_21a55dc4-c4cf-474b-ad17-ec28ea95baf1.jpg?v=1725372827,https://www.opi.com/products/gel-nail-polish-im-really-an-actress,"opi.com main image (2000x2477), SKU GCH010; alt: OPI I'm Really an Actress Red Gel Nail Polish"
OPI GelColor It's a Boy! 0.5 oz GCT75,opi-gelcolor-its-a-boy-0-5-oz-gct75,"Visible ""BeautyzoneSupply"" faint text at bottom; hand inset collage",https://cdn.shopify.com/s/files/1/0752/7546/8972/files/OPIGelColorInteli-GelIt_saBoy_0-Photoroom.webp?v=1789232886,https://cdn.shopify.com/s/files/1/0649/4879/7673/files/gc24_ecommerce_2024_jpg_its_a_boy_gct75_gel_nail_polish_99399000619_2000x2477_311ab1b1-cda6-445e-b455-c781e568ca30.jpg?v=1725372977,https://www.opi.com/products/gel-nail-polish-its-a-boy,"opi.com main image (2000x2477), SKU GCT75; alt: OPI It's a Boy! Blue Gel Nail Polish"
OPI GelColor It's a Girl! 0.5 oz GCH39,opi-gelcolor-its-a-girl-0-5-oz-gch39,"Visible ""Beautyzone Su..."" watermark at bottom; hand inset; main image 500x500, under 600px",https://cdn.shopify.com/s/files/1/0752/7546/8972/files/OPIGelColorInteli-GelIt_saGirl_0.5oz_GCH39.webp?v=1789232958,https://cdn.shopify.com/s/files/1/0649/4879/7673/files/gc24_ecommerce_2024_jpg_its_a_girl_gch39_gel_nail_polish_99399000648_2000x2477_4355b140-9b83-4d75-93b1-5d12bb3e8fe2.jpg?v=1725373005,https://www.opi.com/products/gel-nail-polish-its-a-girl,"opi.com main image (2000x2477), SKU GCH39; alt: OPI It's A Girl! Pink Gel Nail Polish"
OPI GelColor Kyoto Pearl 0.5 oz GCL03,opi-gelcolor-kyoto-pearl-0-5-oz-gcl03,"Visible ""BeautyzoneSupply"" text at bottom; hand inset",https://cdn.shopify.com/s/files/1/0752/7546/8972/files/OPIGelColorInteli-GelKyotoPearl0.5oz_GCL03.webp?v=1789232699,https://cdn.shopify.com/s/files/1/0649/4879/7673/files/gc24_ecommerce_2024_jpg_kyoto_pearl_gcl03_gel_nail_polish_99399000772_2000x2477_376afb23-e8e0-4e05-a68f-861d50d9ccf8.jpg?v=1721759476,https://www.opi.com/products/gel-nail-polish-kyoto-pearl,"opi.com main image (2000x2477), SKU GCL03; alt: OPI Kyoto Pearl White Gel Nail Polish"
OPI GelColor Let Me Bayou a Drink 0.5 oz GCN51,opi-gelcolor-let-me-bayou-a-drink-0-5-oz-gcn51,"Visible ""BeautyzoneSupply"" text at bottom; hand inset",https://cdn.shopify.com/s/files/1/0752/7546/8972/files/OPIGelColorInteli-GelLetMeBayouaDrink0.5oz_GCN51.webp?v=1789232793,https://cdn.shopify.com/s/files/1/0649/4879/7673/files/gc24_ecommerce_2024_jpg_let_me_bayou_a_drink_gcn51_gel_nail_polish_99399000589_2000x2477_9ba8558d-945c-4eb1-a645-302fea5da431.jpg?v=1725373328,https://www.opi.com/products/gel-nail-polish-let-me-bayou-a-drink,"opi.com main image (2000x2477), SKU GCN51; alt: OPI Let Me Bayou a Drink Pink Gel Nail Polish"
OPI GelColor Let's Be Friends! 0.5 oz GCH82,opi-gelcolor-lets-be-friends-0-5-oz-gch82,"Visible ""BeautyzoneSupply"" text at bottom; hand inset",https://cdn.shopify.com/s/files/1/0752/7546/8972/files/OPIGelColorInteli-GelLet_sBeFriends_0.5oz_GCH82.webp?v=1789232693,https://cdn.shopify.com/s/files/1/0649/4879/7673/files/gc24_ecommerce_2024_jpg_lets_be_friends_gch82_gel_nail_polish_99399000652_2000x2477_ed9cd083-8111-4b3b-8549-aecce74644e0.jpg?v=1725373466,https://www.opi.com/products/gel-nail-polish-lets-be-friends,"opi.com main image (2000x2477), SKU GCH82; alt: OPI Let's Be Friends! Nude Gel Nail Polish"
OPI GelColor Lincoln Park After Dark 0.5 oz GCW42,opi-gelcolor-lincoln-park-after-dark-0-5-oz-gcw42,"Visible ""Beautyzone Su..."" watermark at bottom; hand inset; main image 500x500, under 600px",https://cdn.shopify.com/s/files/1/0752/7546/8972/files/OPIGelColorInteli-GelLincolnParkAfterDark0.5oz_GCW42.webp?v=1789232778,https://cdn.shopify.com/s/files/1/0649/4879/7673/files/gc24_ecommerce_2024_jpg_lincoln_park_after_dark_gcw42_gel_nail_polish_99399000599_2000x2477_2acfc8cd-d548-4d1c-a559-661f4e49f0c7.jpg?v=1725373518,https://www.opi.com/products/gel-nail-polish-lincoln-park-after-dark,"opi.com main image (2000x2477), SKU GCW42; alt: OPI Lincoln Park After Dark® Purple Gel Nail Polish"
OPI GelColor Lisbon Wants Moor OPI 0.5 oz GCL16,opi-gelcolor-lisbon-wants-moor-opi-0-5-oz-gcl16,"Visible ""Beautyzone Su..."" watermark at bottom; hand inset; main image 500x500, under 600px",https://cdn.shopify.com/s/files/1/0752/7546/8972/files/OPIGelColorInteli-GelLisbonWantsMoorOPI0.5oz_GCL16.webp?v=1789232694,https://cdn.shopify.com/s/files/1/0649/4879/7673/files/gc24_ecommerce_2024_jpg_lisbon_wants_moor_opi_gcl16_gel_nail_polish_99399000657_2000x2477_1b7fb7ba-4150-4202-bafd-c51170c0fecd.jpg?v=1725373605,https://www.opi.com/products/gel-nail-polish-lisbon-wants-moor-opi,"opi.com main image (2000x2477), SKU GCL16; alt: OPI Lisbon Wants Moor OPI Pink Gel Nail Polish"
OPI GelColor Love is in the Bare 0.5 oz GCT69,opi-gelcolor-love-is-in-the-bare-0-5-oz-gct69,"Visible ""BeautyzoneSupply"" text at bottom; hand inset",https://cdn.shopify.com/s/files/1/0752/7546/8972/files/OPIGelColorInteli-GelLoveisintheBare0.5oz_GCT69.webp?v=1789232779,https://cdn.shopify.com/s/files/1/0649/4879/7673/files/gc24_ecommerce_2024_jpg_love_is_in_the_bare_gct69_gel_nail_polish_99399000617_2000x2477_db413f8e-86e8-44ae-abdf-5e7a94254ee1.jpg?v=1725373678,https://www.opi.com/products/gel-nail-polish-love-is-in-the-bare,"opi.com main image (2000x2477), SKU GCT69; alt: OPI Love is in the Bare Nude Gel Nail Polish"
OPI GelColor Lucky Lucky Lavender 0.5 oz GCH48,opi-gelcolor-lucky-lucky-lavender-0-5-oz-gch48,"Visible ""BeautyZoneSupply"" text under bottle",https://cdn.shopify.com/s/files/1/0752/7546/8972/files/BeautyZoneSupply_OPIGelColorInteli-GelLuckyLuckyLavender0.5oz_GCH48.png?v=1789232697,https://cdn.shopify.com/s/files/1/0649/4879/7673/files/gc26_ecommerce_2026_jpg_lucky_lucky_lavender_gch48_gel_nail_polish_99399001991_2000x2477_1fee7aac-1108-4aed-b73b-d4a7700ec511.jpg?v=1772828723,https://www.opi.com/products/gel-nail-polish-lucky-lucky-lavender,"opi.com main image (2000x2477), SKU GCH48; alt: OPI Lucky Lucky Lavender Purple Gel Nail Polish"
OPI GelColor Machu Peach-u 0.5 oz GCP36,opi-gelcolor-machu-peach-u-0-5-oz-gcp36,"Only a flat color swatch circle with caption ""Machu Peach-u"", no bottle",https://cdn.shopify.com/s/files/1/0752/7546/8972/files/Untitled-design-22.png?v=1789232890,https://cdn.shopify.com/s/files/1/0649/4879/7673/files/gc26_ecommerce_2026_jpg_machu_peach_u_gcp36_gel_nail_polish_99399002056_2000x2477_792ff319-2566-43ff-92fc-72d7892e33dd.jpg?v=1781117541,https://www.opi.com/products/gel-nail-polish-machu-peach-u,"opi.com main image (2000x2477), SKU GCP36; alt: OPI GelColor Machu Peach-u gel nail polish bottle in a soft peach-pink shade with a white cap, standing on a matching peach background for fall nail polish inspiration."
OPI GelColor Madam President 0.5 oz GCW62,opi-gelcolor-madam-president-0-5-oz-gcw62,"Visible ""BeautyzoneSupply"" text at bottom; hand inset",https://cdn.shopify.com/s/files/1/0752/7546/8972/files/OPIGelColorInteli-GelMadamPresident0.5oz_GCW62.webp?v=1789232791,https://cdn.shopify.com/s/files/1/0649/4879/7673/files/gc24_ecommerce_2024_jpg_madam_president_gcw62_gel_nail_polish_99399000602_2000x2477_62341c46-4fef-4a0f-98ad-84ab4beee1cf.jpg?v=1725373718,https://www.opi.com/products/gel-nail-polish-madam-president,"opi.com main image (2000x2477), SKU GCW62; alt: OPI Madam President Red Gel Nail Polish"
OPI GelColor Malaga Wine 0.5 oz GCL87,opi-gelcolor-malaga-wine-0-5-oz-gcl87,"Visible ""BeautyzoneSupply"" text at bottom; hand inset",https://cdn.shopify.com/s/files/1/0752/7546/8972/files/OPIGelColorInteli-GelMalagaWine0.5oz_GCL87.webp?v=1789232784,https://cdn.shopify.com/s/files/1/0649/4879/7673/files/gc24_ecommerce_2024_jpg_malaga_wine_gcl87_gel_nail_polish_99399000661_2000x2477_61ca4b60-322a-406d-8451-9a9f23fa7d1a.jpg?v=1725373798,https://www.opi.com/products/gel-nail-polish-malaga-wine,"opi.com main image (2000x2477), SKU GCL87; alt: OPI Malaga Wine Red Gel Nail Polish"
OPI GelColor Mimosas for Mr. & Mrs. 0.5 oz GCR41,opi-gelcolor-mimosas-for-mr-mrs-0-5-oz-gcr41,"Visible ""BeautyZoneSupply"" text under bottle",https://cdn.shopify.com/s/files/1/0752/7546/8972/files/BeautyZoneSupply_OPIGelColorInteli-GelMimosasforMr._Mrs.0.5oz_GCR41.png?v=1789232961,https://cdn.shopify.com/s/files/1/0649/4879/7673/files/gc26_ecommerce_2026_jpg_mimosas_for_mr_mrs_gcr41_gel_nail_polish_99399001999_2000x2477_52e36717-a1f5-4341-bfcb-4896e06acb89.jpg?v=1772828742,https://www.opi.com/products/gel-nail-polish-mimosas-for-mr-mrs,"opi.com main image (2000x2477), SKU GCR41; alt: OPI Mimosas for Mr. & Mrs. Nude Gel Nail Polish"
OPI GelColor Mod About You 0.5 oz GCB56,opi-gelcolor-mod-about-you-0-5-oz-gcb56,"Visible ""Beautyzone Su..."" watermark at bottom; hand inset; main image 500x500, under 600px",https://cdn.shopify.com/s/files/1/0752/7546/8972/files/OPIGelColorInteli-GelModAboutYou0.5oz_GCB56.webp?v=1789232688,https://cdn.shopify.com/s/files/1/0649/4879/7673/files/gc24_ecommerce_2024_jpg_mod_about_you_gcb56_gel_nail_polish_99399000630_2000x2477_815fbbc7-9396-4a5f-adaa-b4ae9b8c0448.jpg?v=1725371734,https://www.opi.com/products/gel-nail-polish-mod-about-you,"opi.com main image (2000x2477), SKU GCB56; alt: OPI Mod About You Pink Gel Nail Polish"
OPI GelColor Movie Buff 0.5 oz GCH003,opi-gelcolor-movie-buff-0-5-oz-gch003,"Visible ""BeautyZoneSupply"" text under bottle",https://cdn.shopify.com/s/files/1/0752/7546/8972/files/BeautyZoneSupply_OPIGelColorInteli-GelMovieBuff0.5oz_GCH003.png?v=1789232870,https://cdn.shopify.com/s/files/1/0649/4879/7673/files/gc26_ecommerce_2026_jpg_movie_buff_gch003_gel_nail_polish_99399001988_2000x2477_873946ac-204d-47ce-a072-937c1551c760.jpg?v=1772828758,https://www.opi.com/products/gel-nail-polish-movie-buff,"opi.com main image (2000x2477), SKU GCH003; alt: OPI Movie Buff Pink Gel Nail Polish"
OPI GelColor My Chihuahua Bites! 0.5 oz GCM21,opi-gelcolor-my-chihuahua-bites-0-5-oz-gcm21,"Visible ""BeautyZoneSupply"" text under bottle",https://cdn.shopify.com/s/files/1/0752/7546/8972/files/BeautyZoneSupply_OPIGelColorInteli-GelMyChihuahuaBites_0.5oz_GCM21.png?v=1789232691,https://cdn.shopify.com/s/files/1/0649/4879/7673/files/gc26_ecommerce_2026_jpg_my_chihuahua_bites_gcm21_gel_nail_polish_99399001994_2000x2477_a009170b-013c-4d8c-b083-00c2b2603c60.jpg?v=1772828772,https://www.opi.com/products/gel-nail-polish-my-chihuahua-bites,"opi.com main image (2000x2477), SKU GCM21; alt: OPI My Chihuahua Bites! Red Gel Nail Polish"
OPI GelColor My Vampire is Buff 0.5 oz GCE82,opi-gelcolor-my-vampire-is-buff-0-5-oz-gce82,"Visible ""BeautyzoneSupply"" text at bottom; hand inset",https://cdn.shopify.com/s/files/1/0752/7546/8972/files/OPIGelColorInteli-GelMyVampireisBuff0.5oz_GCE82.webp?v=1789232695,https://cdn.shopify.com/s/files/1/0649/4879/7673/files/gc24_ecommerce_2024_jpg_my_vampire_is_buff_gce82_gel_nail_polish_99399000637_2000x2477_97ed7285-1522-4d2e-9f05-4874a1e0b70e.jpg?v=1725366188,https://www.opi.com/products/gel-nail-polish-my-vampire-is-buff,"opi.com main image (2000x2477), SKU GCE82; alt: OPI My Vampire is Buff Nude Gel Nail Polish"
OPI GelColor Pale to the Chief 0.5 oz GCW57,opi-gelcolor-pale-to-the-chief-0-5-oz-gcw57,"Color swatch circle with text label only, no bottle",https://cdn.shopify.com/s/files/1/0752/7546/8972/files/Untitled-design-28.png?v=1789232958,https://cdn.shopify.com/s/files/1/0649/4879/7673/files/gc26_ecommerce_2026_jpg_pale_to_the_chief_gcw57_gel_nail_polish_99399002061_2000x2477_6ba54028-3615-4cf0-b1d8-a57bb8286869.jpg?v=1781118273,https://www.opi.com/products/gel-nail-polish-pale-to-the-chief,"opi.com main image (2000x2477), SKU GCW57; alt: OPI Pale to the Chief Neutral Gel Nail Polish"
OPI GelColor Passion 0.5 oz GCH19,opi-gelcolor-passion-0-5-oz-gch19,"""Beautyzone Su..."" watermark bottom right; hand collage inset; main image 500x500, under 600px",https://cdn.shopify.com/s/files/1/0752/7546/8972/files/OPIGelColorInteli-GelPassion0-Photoroom.webp?v=1789232956,https://cdn.shopify.com/s/files/1/0649/4879/7673/files/gc24_ecommerce_2024_jpg_passion_gch19_gel_nail_polish_99399000646_2000x2477_c235396d-9af7-4a09-9670-620eacc1df73.jpg?v=1725367312,https://www.opi.com/products/gel-nail-polish-passion,"opi.com main image (2000x2477), SKU GCH19; alt: OPI Passion Pink Gel Nail Polish"
OPI GelColor Pink Flamenco 0.5 oz GCE44,opi-gelcolor-pink-flamenco-0-5-oz-gce44,"""BeautyzoneSupply"" text bottom; hand collage inset; main image 500x500, under 600px",https://cdn.shopify.com/s/files/1/0752/7546/8972/files/OPIGelColorInteli-GelPinkFlamenco0-Photoroom.webp?v=1789232867,https://cdn.shopify.com/s/files/1/0649/4879/7673/files/gc24_ecommerce_2024_jpg_pink_flamenco_gce44_gel_nail_polish_99399000636_2000x2477_7ff25c7c-e34c-4ad5-8258-3925399af071.jpg?v=1725368012,https://www.opi.com/products/gel-nail-polish-pink-flamenco,"opi.com main image (2000x2477), SKU GCE44; alt: OPI Pink Flamenco Pink Gel Nail Polish"
OPI GelColor (P)Ink on Canvas 0.5 oz GCLA03,opi-gelcolor-pink-on-canvas-0-5-oz-gcla03,"""Beautyzonesuppl"" text across bottle cap",https://cdn.shopify.com/s/files/1/0752/7546/8972/files/OPIGelColorInteli-Gel_P_InkonCanvas0.5oz_GCLA03.png?v=1789232882,https://cdn.shopify.com/s/files/1/0649/4879/7673/files/gc26_ecommerce_2026_jpg_pink_on_canvas_gcla03_gel_nail_polish_99399002053_2000x2477_443621eb-28a0-4e43-a113-33641d968320.jpg?v=1781114280,https://www.opi.com/products/gel-nail-polish-pink-on-canvas,"opi.com main image (2000x2477), SKU GCLA03; alt: OPI (P)Ink on Canvas Pink Gel Nail Polish"
OPI GelColor Pixel Dust 0.5 oz GCD51,opi-gelcolor-pixel-dust-0-5-oz-gcd51,"""BeautyZoneSupply"" text across cap; two-bottle shot incl. bottom label, slightly messy",https://cdn.shopify.com/s/files/1/0752/7546/8972/files/opi_gelcolor_pixel_dust_0.5_oz_gcd51.png?v=1789232865,https://cdn.shopify.com/s/files/1/0649/4879/7673/files/gc24_ecommerce_2024_jpg_pixel_dust_gcd51_gel_nail_polish_99399000633_2000x2477_371dd5ca-c68c-40f6-8b8a-2580a2b5bc2f.jpg?v=1725368370,https://www.opi.com/products/gel-nail-polish-pixel-dust,"opi.com main image (2000x2477), SKU GCD51; alt: OPI Pixel Dust Pink Gel Nail Polish"
OPI GelColor Pompeii Purple 0.5 oz GCC09,opi-gelcolor-pompeii-purple-0-5-oz-gcc09,"""BeautyZoneSupply"" text bottom; hand collage inset",https://cdn.shopify.com/s/files/1/0752/7546/8972/files/OPIGelColorInteli-GelPompeiiPurple0.5oz_GCC09.webp?v=1789232868,https://cdn.shopify.com/s/files/1/0649/4879/7673/files/gc24_ecommerce_2024_jpg_pompeii_purple_gcc09_gel_nail_polish_99399000762_2000x2477_71900375-e8a8-4da4-af42-4e8b3a93b49a.jpg?v=1721759976,https://www.opi.com/products/gel-nail-polish-pompeii-purple,"opi.com main image (2000x2477), SKU GCC09; alt: OPI Pompeii Purple Pink Gel Nail Polish"
OPI GelColor Put It in Neutral 0.5 oz GCT65,opi-gelcolor-put-it-in-neutral-0-5-oz-gct65,"""Beautyzone Su..."" watermark bottom right; hand collage inset; main image 500x500, under 600px",https://cdn.shopify.com/s/files/1/0752/7546/8972/files/OPIGelColorInteli-GelPutItinNeutral0-Photoroom.webp?v=1789232777,https://cdn.shopify.com/s/files/1/0649/4879/7673/files/gc24_ecommerce_2024_jpg_put_it_in_neutral_gct65_gel_nail_polish_99399000616_2000x2477_e479df0f-6e93-489b-975f-4b2c3d9b2ea2.jpg?v=1725368622,https://www.opi.com/products/gel-nail-polish-put-it-in-neutral,"opi.com main image (2000x2477), SKU GCT65; alt: OPI Put It In Neutral Nude Gel Nail Polish"
OPI GelColor Quest for Quartz 0.5 oz GCD50,opi-gelcolor-quest-for-quartz-0-5-oz-gcd50,"Color swatch circle with text label only, no bottle",https://cdn.shopify.com/s/files/1/0752/7546/8972/files/Untitled-design.png?v=1789232866,https://cdn.shopify.com/s/files/1/0649/4879/7673/files/gc26_ecommerce_2026_jpg_quest_for_quartz_gcd50_gel_nail_polish_99399002040_2000x2477_868b8910-6300-4d33-b1bd-30fc2f75accb.jpg?v=1781118374,https://www.opi.com/products/gel-nail-polish-quest-for-quartz,"opi.com main image (2000x2477), SKU GCD50; alt: OPI Quest for Quartz Pink Gel Nail Polish"
OPI GelColor Racing for Pinks 0.5 oz GCD52,opi-gelcolor-racing-for-pinks-0-5-oz-gcd52,"Tiny (232x220) swatch circle with label, no bottle; main image 232x220, under 600px",https://cdn.shopify.com/s/files/1/0752/7546/8972/files/OPI-GelColor-Inteli-Gel-Racing-for-Pinks-0-5-oz-GCD52.png?v=1789232868,https://cdn.shopify.com/s/files/1/0649/4879/7673/files/gc26_ecommerce_2026_jpg_racing_for_pinks_gcd52_gel_nail_polish_99399001982_2000x2477_971d693a-84ef-4e8d-9f9b-9255cfe80543.jpg?v=1772828838,https://www.opi.com/products/gel-nail-polish-racing-for-pinks,"opi.com main image (2000x2477), SKU GCD52; alt: OPI Racing for Pinks Pink Gel Nail Polish"
OPI GelColor Red Hot Rio 0.5 oz GCA70,opi-gelcolor-red-hot-rio-0-5-oz-gca70,"""BeautyZoneSupply"" text bottom; hand collage inset",https://cdn.shopify.com/s/files/1/0752/7546/8972/files/OPIGelColorInteli-GelRedHotRio0.5oz_GCA70.webp?v=1789232870,https://cdn.shopify.com/s/files/1/0649/4879/7673/files/gc24_ecommerce_2024_jpg_red_hot_rio_gca70_gel_nail_polish_99399000629_2000x2477_c5cce896-6a86-4c6a-b6a0-8b8382a4cd56.jpg?v=1725368840,https://www.opi.com/products/gel-nail-polish-red-hot-rio,"opi.com main image (2000x2477), SKU GCA70; alt: OPI Red Hot Rio Red Gel Nail Polish"
OPI GelColor So Hot it Berns 0.5 oz GCZ13,opi-gelcolor-so-hot-it-berns-0-5-oz-gcz13,"""Beautyzone Su..."" watermark bottom right; hand collage inset; main image 500x500, under 600px",https://cdn.shopify.com/s/files/1/0752/7546/8972/files/OPIGelColorInteli-GelColorSoHotitBerns0.5oz_GCZ13.webp?v=1789232791,https://cdn.shopify.com/s/files/1/0649/4879/7673/files/gc24_ecommerce_2024_jpg_color_so_hot_it_berns_gcz13_gel_nail_polish_99399000604_2000x2477_5d05aba7-5df2-4bb7-a1a8-0733b7df33aa.jpg?v=1725370464,https://www.opi.com/products/gel-nail-polish-color-so-hot-it-berns,"opi.com main image (2000x2477), SKU GCZ13; alt: OPI Color So Hot It Berns Red Gel Nail Polish"
OPI GelColor Stay Classic Base Coat 0.5 oz GC001,opi-gelcolor-stay-classic-base-coat-0-5-oz-gc001,"Faint diagonal tiled ""BEYOND POLISH"" watermark across image; also shows two products (base+top coat)",https://cdn.shopify.com/s/files/1/0752/7546/8972/files/opi-gelcolor-stay-classic-base-coat-gc001.jpg?v=1788626651,,,not found on opi.com (no GelColor page for this item)
OPI GelColor Stay Shiny Top Coat 0.5 oz GC003,opi-gelcolor-stay-shiny-top-coat-0-5-oz-gc003,"Faint diagonal tiled ""BEYOND POLISH"" watermark across image",https://cdn.shopify.com/s/files/1/0752/7546/8972/files/opi-gelcolor-stay-shiny-top-coat-gc003.jpg?v=1788626657,,,not found on opi.com (no GelColor page for this item)
OPI GelColor Suzi Calls the Paparazzi 0.5 oz GCH001,opi-gelcolor-suzi-calls-the-paparazzi-0-5-oz-gch001,"Tiny (295x192) swatch circle with label, no bottle; main image 295x192, under 600px",https://cdn.shopify.com/s/files/1/0752/7546/8972/files/OPI-GelColor-Inteli-Gel-Suzi-Calls-the-Paparazzi-0-5-oz-GCH001.png?v=1789232869,https://cdn.shopify.com/s/files/1/0649/4879/7673/files/gc26_ecommerce_2026_jpg_suzi_calls_the_paparazzi_gch001_gel_nail_polish_99399001987_2000x2477_cd89ba3e-982a-4dab-9728-1b47dfad087f.jpg?v=1772828876,https://www.opi.com/products/gel-nail-polish-suzi-calls-the-paparazzi,"opi.com main image (2000x2477), SKU GCH001; alt: OPI Suzi Calls the Paparazzi Pink Gel Nail Polish"
OPI GelColor Suzi Chases Portu-geese 0.5 oz GCL26,opi-gelcolor-suzi-chases-portu-geese-0-5-oz-gcl26,"Hand with white nails only, no bottle",https://cdn.shopify.com/s/files/1/0752/7546/8972/files/opi-intelli-gelcolor-suzi-chases-portu-geese-gcl26-gel-nail-polish-opi-intelli-gelcolor-55699500859701.webp?v=1789232695,https://cdn.shopify.com/s/files/1/0649/4879/7673/files/gc26_ecommerce_2026_jpg_suzi_chases_portu_geese_gcl26_gel_nail_polish_99399002051_2000x2477_cb5558d5-efc9-4ca1-9e8e-4b258206e1b8.jpg?v=1781119032,https://www.opi.com/products/gel-nail-polish-suzi-chases-portu-geese,"opi.com main image (2000x2477), SKU GCL26; alt: OPI Suzi Chases Portu-geese White Gel Nail Polish"
OPI GelColor Suzi Shops & Island Hops 0.5 oz GCH71,opi-gelcolor-suzi-shops-island-hops-0-5-oz-gch71,"""BeautyZoneSupply"" text bottom; hand collage inset",https://cdn.shopify.com/s/files/1/0752/7546/8972/files/OPIGelColorInteli-GelSuziShops_IslandHops0.5oz_GCH71.webp?v=1789232787,https://cdn.shopify.com/s/files/1/0649/4879/7673/files/gc24_ecommerce_2024_jpg_suzi_shops_and_island_hops_gch71_gel_nail_polish_99399000650_2000x2477_44a0a77f-0924-401b-9bcb-3abf27f82d38.jpg?v=1725370032,https://www.opi.com/products/gel-nail-polish-suzi-shops-island-hops,"opi.com main image (2000x2477), SKU GCH71; alt: OPI Suzi Shops & Island Hops Pink Gel Nail Polish"
OPI GelColor Sweet Heart 0.5 oz GCS96,opi-gelcolor-sweet-heart-0-5-oz-gcs96,"Tiny (217x182) swatch circle with label, no bottle; main image 217x182, under 600px",https://cdn.shopify.com/s/files/1/0752/7546/8972/files/OPI-GelColor-Inteli-Gel-Sweet-Heart-0-5-oz-GCS96.png?v=1789232886,https://cdn.shopify.com/s/files/1/0649/4879/7673/files/gc26_ecommerce_2026_jpg_sweet_heart_gcs96_gel_nail_polish_99399002007_2000x2477_7a4447ea-3aeb-4597-af66-21c85c4490c6.jpg?v=1772828926,https://www.opi.com/products/gel-nail-polish-sweet-heart,"opi.com main image (2000x2477), SKU GCS96; alt: OPI Sweet Heart Pink Gel Nail Polish"
OPI GelColor The Thrill of Brazil 0.5 oz GCA16,opi-gelcolor-the-thrill-of-brazil-0-5-oz-gca16,"""Beautyzone Su..."" watermark bottom right; hand collage inset; main image 500x500, under 600px",https://cdn.shopify.com/s/files/1/0752/7546/8972/files/OPIGelColorInteli-GelTheThrillOfBrazil0-Photoroom.webp?v=1789232784,https://cdn.shopify.com/s/files/1/0649/4879/7673/files/gc24_ecommerce_2024_jpg_the_thrill_of_brazil_gca16_gel_nail_polish_99399000626_2000x2477_7c4b6540-55da-4da4-a42f-87172ccef3bc.jpg?v=1725370849,https://www.opi.com/products/gel-nail-polish-the-thrill-of-brazil,"opi.com main image (2000x2477), SKU GCA16; alt: OPI The Thrill of Brazil Red Gel Nail Polish"
OPI GelColor This Color Hits All the High Notes 0.5 oz GCMI05,opi-gelcolor-this-color-hits-all-the-high-notes-0-5-oz-gcmi05,"Scanned catalog page with three different products (GCMI05/ISLMI05/NLMI05) and promo text, low quality",https://cdn.shopify.com/s/files/1/0752/7546/8972/files/d7ac5d5456c3aba598059b817497997787994b86.jpg?v=1789232960,,,not found on opi.com (no GelColor page for this item)
OPI GelColor Throw Me a Kiss 0.5 oz GCSH2,opi-gelcolor-throw-me-a-kiss-0-5-oz-gcsh2,"Tiny (222x185) swirl swatch with label, no bottle; main image 222x185, under 600px",https://cdn.shopify.com/s/files/1/0752/7546/8972/files/OPI-GelColor-Inteli-Gel-Throw-Me-a-Kiss-0-5-oz-GCSH2.png?v=1789232792,https://cdn.shopify.com/s/files/1/0649/4879/7673/files/gc26_ecommerce_2026_jpg_throw_me_a_kiss_gcsh2_gel_nail_polish_99399002008_2000x2477_15dcf943-a35a-4098-b970-4aa3646954cc.jpg?v=1772828932,https://www.opi.com/products/gel-nail-polish-throw-me-a-kiss,"opi.com main image (2000x2477), SKU GCSH2; alt: OPI Throw Me A Kiss Pink Gel Nail Polish"
OPI GelColor Tiramisu for Two 0.5 oz GCV28,opi-gelcolor-tiramisu-for-two-0-5-oz-gcv28,"""Beautyzone Su..."" watermark bottom right; hand collage inset; main image 500x500, under 600px",https://cdn.shopify.com/s/files/1/0752/7546/8972/files/OPIGelColorInteli-GelTiramisuforTwo0-Photoroom.webp?v=1789232788,https://cdn.shopify.com/s/files/1/0649/4879/7673/files/gc24_ecommerce_2024_jpg_tiramisu_for_two_gcv28_gel_nail_polish_99399000596_2000x2477_09e4b51b-2ecf-4954-b2c5-6002c691e276.jpg?v=1740511375,https://www.opi.com/products/gel-nail-polish-tiramisu-for-two,"opi.com main image (2000x2477), SKU GCV28; alt: OPI Tiramisu for Two Nude Gel Nail Polish"
OPI GelColor We the Female 0.5 oz GCW64,opi-gelcolor-we-the-female-0-5-oz-gcw64,"""Beautyzone Su..."" watermark bottom right; hand collage inset; main image 500x500, under 600px",https://cdn.shopify.com/s/files/1/0752/7546/8972/files/OPIGelColorInteli-GelWetheFemale0-Photoroom.webp?v=1789232790,https://cdn.shopify.com/s/files/1/0649/4879/7673/files/gc24_ecommerce_2024_jpg_we_the_female_gcw64_gel_nail_polish_99399000603_2000x2477_59481ff3-5bc8-49a8-9fea-3d1f65dfdd44.jpg?v=1725371096,https://www.opi.com/products/gel-nail-polish-we-the-female,"opi.com main image (2000x2477), SKU GCW64; alt: OPI We the Female Red Gel Nail Polish"
OPI GelColor Worth a Pretty Penne 0.5 oz GCV27,opi-gelcolor-worth-a-pretty-penne-0-5-oz-gcv27,"""BeautyZoneSupply"" text bottom; hand collage inset",https://cdn.shopify.com/s/files/1/0752/7546/8972/files/OPIGelColorInteli-GelWorthaPrettyPenne0.5oz_GCV27.webp?v=1789232789,https://cdn.shopify.com/s/files/1/0649/4879/7673/files/gc24_ecommerce_2024_jpg_worth_a_pretty_penne_gcv27_gel_nail_polish_99399000783_2000x2477_0bfa0761-cd8e-48b1-bd00-b4555ed4d399.jpg?v=1721760011,https://www.opi.com/products/gel-nail-polish-worth-a-pretty-penne,"opi.com main image (2000x2477), SKU GCV27; alt: OPI Worth a Pretty Penne Metallic Gel Nail Polish"
OPI GELevate 4-In-1 Builder Gel Pink Over-slay 0.5 fl oz,opi-gelevate-4-in-1-builder-gel-pink-over-slay-0-5-fl-oz,"Faint diagonal tiled ""BEYOND POLISH"" watermark across image (filename also names Beyond Polish)",https://cdn.shopify.com/s/files/1/0752/7546/8972/files/https_3A_2F_2Fcdn.shopify.com_2Fs_2Ffiles_2F1_2F0870_2F2574_2Ffiles_2FOPI-GELevate-4-In-1-Builder-Gel-Pink-Over-slay-Nail-Extensions-at-Beyond-Polish.jpg?v=1788465398,https://cdn.shopify.com/s/files/1/0649/4879/7673/files/BIAB25_ecommerce_2025_jpg_pink_over_slay_bib004_gelevate_builder_99399000981_2000x2477_6843b8f8-b885-4241-848b-32d29c9bdeed.jpg?v=1740440781,https://www.opi.com/products/nail-builder-gel-pink-over-slay,"opi.com main image (2000x2477), SKU BIB004; alt: Pink Over-slay Nail Builder Gel"
OPI Nail Lacquer 15 Minutes of Flame 0.5 oz NLH011,opi-nail-lacquer-15-minutes-of-flame-0-5-oz-nlh011,"Large ""NAILMALL"" watermark across swatch; also swatch only, no bottle",https://cdn.shopify.com/s/files/1/0752/7546/8972/files/opi-spring-2021-hollywood-nail-lacquer-15-minutes-of-flame-nlh011-1.jpg?v=1789231049,https://cdn.shopify.com/s/files/1/0649/4879/7673/products/15-minutes-of-flame-nlh011-nail-lacquer-99350070030_71db5f2e-5e37-4f1e-b19b-5c47e778d40e.jpg?v=1667949001,https://www.opi.com/products/nail-lacquer-15-minutes-of-flame,"opi.com main image (2000x2477), SKU NLH011; alt: OPI 15 Minutes of Flame Pink Nail Polish"
OPI Nail Lacquer 7th & Flower 0.5 oz NLLA05,opi-nail-lacquer-7th-flower-0-5-oz-nlla05,"Faint stamped/diagonal ""NAILMALL"" lettering across bottle",https://cdn.shopify.com/s/files/1/0752/7546/8972/files/opi-fall-2021-dtla-nail-lacquer-7th-and-flower-nlla05-2.jpg?v=1789231256,https://cdn.shopify.com/s/files/1/0649/4879/7673/products/7th-and-flower-nlla05-nail-lacquer-99350098459_0e9297e5-d51b-4335-b109-fa4b225d1ac6.jpg?v=1667954895,https://www.opi.com/products/nail-lacquer-7th-flower,"opi.com main image (2000x2477), SKU NLLA05; alt: 7th & Flower OPI nail polish bottle standing upright, showcasing rich magenta pink nail lacquer with a black cap against a matching glossy pink background, highlighting the vibrant salon-quality nail color for manicures and pedicures."
OPI Nail Lacquer Alpine Snow 0.5 oz NLL00,opi-nail-lacquer-alpine-snow-0-5-oz-nll00,"Large ""NAILMALL"" watermark across bottle",https://cdn.shopify.com/s/files/1/0752/7546/8972/files/opi-nail-lacquer-alpine-snow-nl-l00.jpg?v=1789231149,https://cdn.shopify.com/s/files/1/0649/4879/7673/products/alpine-snow-nll00-nail-lacquer-22001014060_8f0b3847-a92f-4bc3-be0d-2e8c8646d42f.jpg?v=1668553386,https://www.opi.com/products/nail-lacquer-alpine-snow,"opi.com main image (2000x2477), SKU NLL00; alt: OPI Alpine Snow White Nail Polish"
OPI Nail Lacquer Amore at the Grand Canal 0.5 oz NLV29,opi-nail-lacquer-amore-at-the-grand-canal-0-5-oz-nlv29,"Large ""NAILMALL"" watermark across bottle",https://cdn.shopify.com/s/files/1/0752/7546/8972/files/opi-nail-lacquer-amore-at-the-grand-canal-nl-v29.jpg?v=1789231129,https://cdn.shopify.com/s/files/1/0649/4879/7673/products/amore-at-the-grand-canal-nlv29-nail-lacquer-22995154029_7df1a0af-ff88-4416-a1dd-b7842e70231f.jpg?width=1500&v=1668554090,https://www.opi.com/products/nail-lacquer-amore-at-the-grand-canal,opi.com main image (code NLV29 confirmed on page); page title: OPI® Amore at the Grand Canal - Nail Lacquer | Bright Crème Nail Polish
OPI Nail Lacquer Arigato from Tokyo 0.5 oz NLT82,opi-nail-lacquer-arigato-from-tokyo-0-5-oz-nlt82,"Large ""NAILMALL"" watermark across bottle",https://cdn.shopify.com/s/files/1/0752/7546/8972/files/opi-nail-lacquer-arigato-from-tokyo-1.jpg?v=1789231126,https://cdn.shopify.com/s/files/1/0649/4879/7673/products/arigato-from-tokyo-nlt82-nail-lacquer-22500328182_60700669-e66e-42a8-9c9c-ee38d18ff45e.jpg?width=1500&v=1675376604,https://www.opi.com/products/nail-lacquer-arigato-from-tokyo,opi.com main image (code NLT82 confirmed on page); page title: OPI®: Arigato from Tokyo - Nail Lacquer | Pink Nail Polish
OPI Nail Lacquer Art Walk in Suzi's Shoes 0.5 oz NLLA06,opi-nail-lacquer-art-walk-in-suzis-shoes-0-5-oz-nlla06,"Large ""NAILMALL"" watermark across swatch; swatch only, no bottle",https://cdn.shopify.com/s/files/1/0752/7546/8972/files/opi-fall-2021-dtla-nail-lacquer-art-walk-in-suzi-s-shoes-nlla06-1.jpg?v=1789231256,https://cdn.shopify.com/s/files/1/0649/4879/7673/products/art-walk-in-suzis-shoes-nlla06-nail-lacquer-99350098457_54eed950-7c2f-418d-9515-db34c5ceb149.jpg?width=1500&v=1667955562,https://www.opi.com/products/nail-lacquer-art-walk-in-suzis-shoes,opi.com main image (code NLLA06 confirmed on page); page title: OPI® Art Walk in Suzi&#x27;s Shoes - Nail Lacquer | Bright Crème Nail Polish
OPI Nail Lacquer Aurora Berry-alis 0.5 oz NLI64,opi-nail-lacquer-aurora-berry-alis-0-5-oz-nli64,"Large ""NAILMALL"" watermark across bottle",https://cdn.shopify.com/s/files/1/0752/7546/8972/files/opi-nail-lacquer-aurora-berry-alis-nl-i64.jpg?v=1789231148,https://cdn.shopify.com/s/files/1/0649/4879/7673/products/aurora-berry-alis-nli64-nail-lacquer-22550168164_c3424b19-4ca8-4777-9767-875e321c7f45.jpg?width=1500&v=1675212885,https://www.opi.com/products/nail-lacquer-aurora-berry-alis,opi.com main image (code NLI64 confirmed on page); page title: Aurora Berry-alis Rich Pink Raspberry Nail Polish | OPI
"OPI Nail Lacquer Baby, Take a Vow 0.5 oz NLSH1",opi-nail-lacquer-baby-take-a-vow-0-5-oz-nlsh1,"Large ""NAILMALL"" watermark across bottle",https://cdn.shopify.com/s/files/1/0752/7546/8972/files/opi-nail-lacquer-nlsh1-baby-take-a-vow-1.jpg?v=1789231041,https://cdn.shopify.com/s/files/1/0649/4879/7673/products/baby-take-a-vow-nlsh1-nail-lacquer-22850011001_71174cd4-483a-429f-a907-e2629ae76cdb.jpg?width=1500&v=1668555724,https://www.opi.com/products/nail-lacquer-baby-take-a-vow,"opi.com main image (code NLSH1 confirmed on page); page title: Shop Baby, Take a Vow | Blushing Pink Nail Lacquer - OPI®"
OPI Nail Lacquer Bare My Soul 0.5 oz NLSH4,opi-nail-lacquer-bare-my-soul-0-5-oz-nlsh4,"Large ""NAILMALL"" watermark across bottle",https://cdn.shopify.com/s/files/1/0752/7546/8972/files/opi-nail-lacquer-nlsh4-bare-my-soul-1.jpg?v=1789231043,https://cdn.shopify.com/s/files/1/0649/4879/7673/products/bare-my-soul-nlsh4-nail-lacquer-22850011004_075f5421-db73-4329-8c64-40e1aaba0c5c.jpg?width=1500&v=1668556231,https://www.opi.com/products/nail-lacquer-bare-my-soul,opi.com main image (code NLSH4 confirmed on page); page title: OPI®: Bare My Soul - Nail Lacquer | Nude Nail Polish
OPI Nail Lacquer Big Apple Red 0.5 oz NLN25,opi-nail-lacquer-big-apple-red-0-5-oz-nln25,"Large semi-transparent ""NAILMALL"" watermark across the bottle",https://cdn.shopify.com/s/files/1/0752/7546/8972/files/opi-nail-lacquer-big-apple-red-nl-n25.jpg?v=1789230950,https://cdn.shopify.com/s/files/1/0649/4879/7673/products/big-apple-red-nln25-nail-lacquer-22001014069_5d248308-fefd-4aef-a1c2-abaedcd41a56.jpg?width=1500&v=1668556954,https://www.opi.com/products/nail-lacquer-big-apple-red,opi.com main image (code NLN25 confirmed on page); page title: Shop Big Apple Red® | Bright Red Nail Lacquer - OPI®
OPI Nail Lacquer Black Onyx 0.5 oz NLT02,opi-nail-lacquer-black-onyx-0-5-oz-nlt02,"Large semi-transparent ""NAILMALL"" watermark across the bottle",https://cdn.shopify.com/s/files/1/0752/7546/8972/files/opi-nail-lacquer-black-onyx-nl-t02.jpg?v=1789231122,https://cdn.shopify.com/s/files/1/0649/4879/7673/products/black-onyx-nlt02-nail-lacquer-22001014202_4f16f87a-83e8-4159-b748-7659f79ca08e.jpg?width=1500&v=1668558037,https://www.opi.com/products/nail-lacquer-black-onyx,opi.com main image (code NLT02 confirmed on page); page title: Shop Black Onyx® | Dark Black Crème Nail Lacquer - OPI®
OPI Nail Lacquer Cajun Shrimp 0.5 oz NLL64,opi-nail-lacquer-cajun-shrimp-0-5-oz-nll64,"Large semi-transparent ""NAILMALL"" watermark across the bottle",https://cdn.shopify.com/s/files/1/0752/7546/8972/files/opi-nail-lacquer-cajun-shrimp-nl-l64.jpg?v=1789231154,https://cdn.shopify.com/s/files/1/0649/4879/7673/products/cajun-shrimp-nll64-nail-lacquer-22001014063_035fc505-77c0-4066-bb76-c5afa3179bb5.jpg?width=1500&v=1668560195,https://www.opi.com/products/nail-lacquer-cajun-shrimp,opi.com main image (code NLL64 confirmed on page); page title: OPI® Cajun Shrimp® - Nail Lacquer | Bright Crème Nail Polish
OPI Nail Lacquer Chiffon-d of You 0.5 oz NLSH3,opi-nail-lacquer-chiffon-d-of-you-0-5-oz-nlsh3,"Large semi-transparent ""NAILMALL"" watermark across the bottle",https://cdn.shopify.com/s/files/1/0752/7546/8972/files/opi-nail-lacquer-nlsh3-chiffon-d-of-you-1.jpg?v=1789231043,https://cdn.shopify.com/s/files/1/0649/4879/7673/products/chiffon-d-of-you-nlsh3-nail-lacquer-22850011003_45d4a965-2609-4ed6-b376-c5378a4de249.jpg?width=1500&v=1670546819,https://www.opi.com/products/nail-lacquer-chiffon-d-of-you,opi.com main image (code NLSH3 confirmed on page); page title: Shop Chiffon-d of You | Metallic Nail Lacquer - OPI®
OPI Nail Lacquer Color So Hot It Berns 0.5 oz NLZ13,opi-nail-lacquer-color-so-hot-it-berns-0-5-oz-nlz13,"Large semi-transparent ""NAILMALL"" watermark across the bottle",https://cdn.shopify.com/s/files/1/0752/7546/8972/files/opi-nail-lacquer-color-so-hot-it-berns-nl-z13.jpg?v=1789231193,https://cdn.shopify.com/s/files/1/0649/4879/7673/products/color-so-hot-it-berns-nlz13-nail-lacquer-22001014166_9394e86f-546b-4541-867e-098a977f4c16.jpg?width=1500&v=1668567787,https://www.opi.com/products/nail-lacquer-color-so-hot-it-berns,opi.com main image (code NLZ13 confirmed on page); page title: OPI® Color So Hot It Berns - Nail Lacquer | Dark Crème Nail Polish
OPI Nail Lacquer Cosmo-Not Tonight Honey! 0.5 oz NLR58,opi-nail-lacquer-cosmo-not-tonight-honey-0-5-oz-nlr58,"No visible text, but filename ""cosmo-not-tonight-honey-nlr58-nail-lacquer-premiernail.jpg"" names Premier Nail (source shop)",https://cdn.shopify.com/s/files/1/0752/7546/8972/files/cosmo-not-tonight-honey-nlr58-nail-lacquer-premiernail.jpg?v=1789231039,https://cdn.shopify.com/s/files/1/0649/4879/7673/products/cosmo-not-tonight-honey-nlr58-nail-lacquer-22001014078_2f2227f2-c7f5-4c6c-9b44-9dd57c4ae6a8.jpg?width=1500&v=1668568230,https://www.opi.com/products/nail-lacquer-cosmo-not-tonight-honey,opi.com main image (code NLR58 confirmed on page); page title: OPI®: Cosmo-Not Tonight Honey! - Nail Lacquer | Nude Gold Nail Polish
OPI Nail Lacquer Cozu-Melted in the Sun 0.5 oz NLM27,opi-nail-lacquer-cozu-melted-in-the-sun-0-5-oz-nlm27,"Large semi-transparent ""NAILMALL"" watermark across the bottle",https://cdn.shopify.com/s/files/1/0752/7546/8972/files/opi-nail-lacquer-cozu-melted-in-the-sun-nl-m27.jpg?v=1789231258,https://cdn.shopify.com/s/files/1/0649/4879/7673/products/cozu-melted-in-the-sun-nlm27-nail-lacquer-22001014253_a3f5ce59-086d-4490-a947-b1cedb3b538b.jpg?width=1500&v=1668568444,https://www.opi.com/products/nail-lacquer-cozu-melted-in-the-sun,opi.com main image (code NLM27 confirmed on page); page title: OPI®: Cozu-melted in the Sun - Nail Lacquer | Beige-Pink Nail Polish
OPI Nail Lacquer Do You Take Lei Away? 0.5 oz NLH67,opi-nail-lacquer-do-you-take-lei-away-0-5-oz-nlh67,"Large semi-transparent ""NAILMALL"" watermark across the bottle",https://cdn.shopify.com/s/files/1/0752/7546/8972/files/opi-nail-lacquer-do-you-take-lei-away-nl-h67.jpg?v=1789231054,https://cdn.shopify.com/s/files/1/0649/4879/7673/products/do-you-take-lei-away-nlh67-nail-lacquer-22000354867_8ebf2b38-fe0e-4454-9a4f-50e6244e730b.jpg?width=1500&v=1668637272,https://www.opi.com/products/nail-lacquer-do-you-take-lei-away,opi.com main image (code NLH67 confirmed on page); page title: OPI®: Do You Take Lei Away? - Nail Lacquer | Nude Nail Polish
OPI Nail Lacquer Don't Bossa Nova Me Around 0.5 oz NLA60,opi-nail-lacquer-dont-bossa-nova-me-around-0-5-oz-nla60,"Large semi-transparent ""NAILMALL"" watermark across the bottle",https://cdn.shopify.com/s/files/1/0752/7546/8972/files/opi-nail-lacquer-don-t-bossa-nova-me-around-nl-a60.jpg?v=1789230857,https://cdn.shopify.com/s/files/1/0649/4879/7673/products/dont-bossa-nova-me-arnd-nla60-nail-lacquer-22002576011_e7ad6ac0-61b2-4242-b79c-adec25bc7fc5.jpg?width=1500&v=1670292321,https://www.opi.com/products/nail-lacquer-dont-bossa-nova-me-around,opi.com main image (code NLA60 confirmed on page); page title: Shop Don&#x27;t Bossa Nova Me Around® | Nude Nail Lacquer - OPI®
OPI Nail Lacquer Dulce de Leche 0.5 oz NLA15,opi-nail-lacquer-dulce-de-leche-0-5-oz-nla15,"Large semi-transparent ""NAILMALL"" watermark across the bottle",https://cdn.shopify.com/s/files/1/0752/7546/8972/files/opi-nail-lacquer-dulce-de-leche-nl-a15.jpg?v=1789230856,https://cdn.shopify.com/s/files/1/0649/4879/7673/products/dulce-de-leche-nla15-nail-lacquer-22001014002_2a650c27-66cd-4755-b406-5660c34b5f5a.jpg?width=1500&v=1668637577,https://www.opi.com/products/nail-lacquer-dulce-de-leche,opi.com main image (code NLA15 confirmed on page); page title: Shop Dulce de Leche | Nude Neutral Nail Lacquer - OPI®
OPI Nail Lacquer Dutch Tulips 0.5 oz NLL60,opi-nail-lacquer-dutch-tulips-0-5-oz-nll60,"Large semi-transparent ""NAILMALL"" watermark across the bottle",https://cdn.shopify.com/s/files/1/0752/7546/8972/files/opi-nail-lacquer-dutch-tulips-nl-l60.jpg?v=1789231153,https://cdn.shopify.com/s/files/1/0649/4879/7673/products/dutch-tulips-nll60-nail-lacquer-22001014062_a974d757-0ea8-43bb-9c07-ecdd78282d4f.jpg?width=1500&v=1668638293,https://www.opi.com/products/nail-lacquer-dutch-tulips,opi.com main image (code NLL60 confirmed on page); page title: OPI®: Dutch Tulips - Nail Lacquer | Blooming Pink-Red Nail Polish
"OPI Nail Lacquer Emmy, Have You Seen Oscar? 0.5 oz NLH012",opi-nail-lacquer-emmy-have-you-seen-oscar-0-5-oz-nlh012,"Faint/centered ""NAILMALL"" watermark across a color swatch ball (no bottle shown)",https://cdn.shopify.com/s/files/1/0752/7546/8972/files/opi-spring-2021-hollywood-nail-lacquer-emmy-have-you-seen-oscar-nlh012-1.jpg?v=1789231050,https://cdn.shopify.com/s/files/1/0649/4879/7673/products/emmy-have-you-seen-oscar-nlh012-nail-lacquer-99350070032_c8338c55-202a-46ab-a8c7-5e3c39c88968.jpg?width=1500&v=1667949861,https://www.opi.com/products/nail-lacquer-emmy-have-you-seen-oscar,"opi.com main image (code NLH012 confirmed on page); page title: OPI® Emmy, have you seen Oscar? - Nail Lacquer | Bright Crème Nail Polish"
OPI Nail Lacquer Funny Bunny 0.5 oz NLH22,opi-nail-lacquer-funny-bunny-0-5-oz-nlh22,"Large semi-transparent ""NAILMALL"" watermark across the bottle",https://cdn.shopify.com/s/files/1/0752/7546/8972/files/opi-nail-lacquer-funny-bunny-nl-h22.jpg?v=1789231052,https://cdn.shopify.com/s/files/1/0649/4879/7673/products/funny-bunny-nlh22-nail-lacquer-22001014106_9321a095-0d6f-4122-90bd-8972c4f49c31.jpg?width=1500&v=1668638934,https://www.opi.com/products/nail-lacquer-funny-bunny,opi.com main image (code NLH22 confirmed on page); page title: Shop Funny Bunny® | Soft White Nail Lacquer - OPI®
OPI Nail Lacquer Getting Nadi on My Honeymoon 0.5 oz NLF82,opi-nail-lacquer-getting-nadi-on-my-honeymoon-0-5-oz-nlf82,"Large semi-transparent ""NAILMALL"" watermark across the bottle",https://cdn.shopify.com/s/files/1/0752/7546/8972/files/opi-nail-lacquer-getting-nadi-on-my-honeymoon-nl-f82.jpg?v=1789230951,https://cdn.shopify.com/s/files/1/0649/4879/7673/products/getting-nadi-on-my-honeymoon-nlf82-nail-lacquer-22006698182_bd46d27e-71c4-4679-85f5-bec1f3e5bab3.jpg?width=1500&v=1675210419,https://www.opi.com/products/nail-lacquer-getting-nadi-on-my-honeymoon,opi.com main image (code NLF82 confirmed on page); page title: OPI Nail Lacquer Getting Nadi On My Honeymoon Light Pink Nail Polish | OPI
OPI Nail Lacquer Gimme a Lido Kiss 0.5 oz NLV30,opi-nail-lacquer-gimme-a-lido-kiss-0-5-oz-nlv30,"Large semi-transparent ""NAILMALL"" watermark across the bottle",https://cdn.shopify.com/s/files/1/0752/7546/8972/files/opi-nail-lacquer-gimme-a-lido-kiss-nl-v30.jpg?v=1789231188,https://cdn.shopify.com/s/files/1/0649/4879/7673/products/gimme-a-lido-kiss-nlv30-nail-lacquer-22995154030_46751506-0013-4bc7-9810-f33291fc74d9.jpg?width=1500&v=1668640101,https://www.opi.com/products/nail-lacquer-gimme-a-lido-kiss,opi.com main image (code NLV30 confirmed on page); page title: Gimme a Lido Kiss - Nail Lacquer | Red Nail Polish | OPI 
OPI Nail Lacquer Heart and Con-Soul 0.5 oz NLD55,opi-nail-lacquer-heart-and-con-soul-0-5-oz-nld55,"Faint/centered ""NAILMALL"" watermark across a color swatch ball (no bottle shown)",https://cdn.shopify.com/s/files/1/0752/7546/8972/files/opi-spring-2022-xbox-nail-lacquer-heart-and-con-soul-nld55-1.jpg?v=1789230947,https://cdn.shopify.com/s/files/1/0649/4879/7673/products/heart-and-con-soul-nld55-nail-lacquer-99350113217_d55fcf15-d3f7-4bbc-930b-7203548b6d8e.jpg?width=1500&v=1668032929,https://www.opi.com/products/nail-lacquer-heart-and-con-soul,opi.com main image (code NLD55 confirmed on page); page title: OPI® Heart and Con-soul - Nail Lacquer | Bright Shimmer Nail Polish
OPI Nail Lacquer Hollywood & Vibe 0.5 oz NLH004,opi-nail-lacquer-hollywood-vibe-0-5-oz-nlh004,"Faint/centered ""NAILMALL"" watermark across a color swatch ball (no bottle shown)",https://cdn.shopify.com/s/files/1/0752/7546/8972/files/opi-spring-2021-hollywood-nail-lacquer-hollywood-and-vibe-nlh004-1.jpg?v=1789231048,https://cdn.shopify.com/s/files/1/0649/4879/7673/products/hollywood-and-vibe-nlh004-nail-lacquer-99350070028_30cc4053-2628-4bd3-886d-1a5e11cb9d79.jpg?width=1500&v=1667950047,https://www.opi.com/products/nail-lacquer-hollywood-vibe,opi.com main image (code NLH004 confirmed on page); page title: OPI® Hollywood &amp; Vibe - Nail Lacquer | Soft Crème Nail Polish
OPI Nail Lacquer Hue Is the Artist? 0.5 oz NLM94,opi-nail-lacquer-hue-is-the-artist-0-5-oz-nlm94,"Large semi-transparent ""NAILMALL"" watermark across the bottle",https://cdn.shopify.com/s/files/1/0752/7546/8972/files/opi-nail-lacquer-hue-is-the-artist-nlm94-1.jpg?v=1789231260,https://cdn.shopify.com/s/files/1/0649/4879/7673/products/hue-is-the-artist-nlm94-nail-lacquer-22222728012_d80f1142-9038-4e1b-b80d-c9ed1345ca2c.jpg?width=1500&v=1667859006,https://www.opi.com/products/nail-lacquer-hue-is-the-artist,opi.com main image (code NLM94 confirmed on page); page title: OPI®: Hue is the Artist? - Nail Lacquer | Pale Lavender Nail Polish
OPI Nail Lacquer Humidi-Tea 0.5 oz NLN52,opi-nail-lacquer-humidi-tea-0-5-oz-nln52,"Large semi-transparent ""NAILMALL"" watermark across the bottle",https://cdn.shopify.com/s/files/1/0752/7546/8972/files/opi-nail-lacquer-humidi-tea-nl-n52.jpg?v=1789230951,https://cdn.shopify.com/s/files/1/0649/4879/7673/products/humidi-tea-nln52-nail-lacquer-22994150052_833de670-2be8-4872-92a8-16b015b8fe4e.jpg?width=1500&v=1668642722,https://www.opi.com/products/nail-lacquer-humidi-tea,opi.com main image (code NLN52 confirmed on page); page title: OPI®: Humidi-Tea - Nail Lacquer | Peach And Pink Nude Nail Polish
OPI Nail Lacquer I'm Really an Actress 0.5 oz NLH010,opi-nail-lacquer-im-really-an-actress-0-5-oz-nlh010,"Faint/centered ""NAILMALL"" watermark across a color swatch ball (no bottle shown)",https://cdn.shopify.com/s/files/1/0752/7546/8972/files/opi-spring-2021-hollywood-nail-lacquer-i-m-really-an-actress-nlh010-1.jpg?v=1789231048,https://cdn.shopify.com/s/files/1/0649/4879/7673/products/im-really-an-actress-nlh010-nail-lacquer-99350070025_7b35cec0-9d6e-41f2-8d51-e523c59a0fc8.jpg?width=1500&v=1667950480,https://www.opi.com/products/nail-lacquer-im-really-an-actress,opi.com main image (code NLH010 confirmed on page); page title: OPI® I&#x27;m Really an Actress - Nail Lacquer | Dark Pearl Nail Polish
OPI Nail Lacquer It's in the Cloud 0.5 oz NLT71,opi-nail-lacquer-its-in-the-cloud-0-5-oz-nlt71,"Large semi-transparent ""NAILMALL"" watermark across the bottle",https://cdn.shopify.com/s/files/1/0752/7546/8972/files/opi-nail-lacquer-it-s-in-the-cloud-nl-t71.jpg?v=1789231124,,,not found on opi.com
OPI Nail Lacquer Kyoto Pearl 0.5 oz NLL03,opi-nail-lacquer-kyoto-pearl-0-5-oz-nll03,"Large semi-transparent ""NAILMALL"" watermark across the bottle",https://cdn.shopify.com/s/files/1/0752/7546/8972/files/opi-nail-lacquer-kyoto-pearl-nl-l03.jpg?v=1789231150,https://cdn.shopify.com/s/files/1/0649/4879/7673/products/kyoto-pearl-nll03-nail-lacquer-22001014061_b3cf99f9-11be-42df-9d36-3b7532e3fc79.jpg?width=1500&v=1668647170,https://www.opi.com/products/nail-lacquer-kyoto-pearl,opi.com main image (code NLL03 confirmed on page); page title: Shop Kyoto Pearl | White Shimmer Nail Lacquer - OPI®
OPI Nail Lacquer Lincoln Park After Dark 0.5 oz NLW42,opi-nail-lacquer-lincoln-park-after-dark-0-5-oz-nlw42,"Large semi-transparent ""NAILMALL"" watermark across the bottle",https://cdn.shopify.com/s/files/1/0752/7546/8972/files/opi-nail-lacquer-lincoln-park-after-dark-nl-w42.jpg?v=1789231189,https://cdn.shopify.com/s/files/1/0649/4879/7673/products/lincoln-park-after-dark-nlw42-nail-lacquer-22001014099_dd5441a4-7927-45c2-b55b-d26945de0fef.jpg?width=1500&v=1668648346,https://www.opi.com/products/nail-lacquer-lincoln-park-after-dark,opi.com main image (code NLW42 confirmed on page); page title: Shop Lincoln Park After Dark® | Purple Nail Lacquer - OPI®
OPI Nail Lacquer Lisbon Wants Moor OPI 0.5 oz NLL16,opi-nail-lacquer-lisbon-wants-moor-opi-0-5-oz-nll16,"Large semi-transparent ""NAILMALL"" watermark across the bottle",https://cdn.shopify.com/s/files/1/0752/7546/8972/files/opi-nail-lacquer-lisbon-wants-moor-opi-nl-l16.jpg?v=1789231150,https://cdn.shopify.com/s/files/1/0649/4879/7673/products/lisbon-wants-moor-opi-nll16-nail-lacquer-22500004116_621d4391-39d5-4793-adfe-0e556be7e793.jpg?width=1500&v=1675295931,https://www.opi.com/products/nail-lacquer-lisbon-wants-moor-opi,opi.com main image (code NLL16 confirmed on page); page title: OPI®: Lisbon Wants Moor OPI - Nail Lacquer | Delicate Pink Nail Polish
OPI Nail Lacquer Lucky Lucky Lavender 0.5 oz NLH48,opi-nail-lacquer-lucky-lucky-lavender-0-5-oz-nlh48,"Large semi-transparent ""NAILMALL"" watermark across the bottle",https://cdn.shopify.com/s/files/1/0752/7546/8972/files/opi-nail-lacquer-lucky-lucky-lavender-nl-h48.jpg?v=1789231053,https://cdn.shopify.com/s/files/1/0649/4879/7673/products/lucky-lucky-lavender-nlh48-nail-lacquer-22001014157_6636c7c5-31ea-43d8-aebc-fa9c9c080163.jpg?width=1500&v=1668649138,https://www.opi.com/products/nail-lacquer-lucky-lucky-lavender,opi.com main image (code NLH48 confirmed on page); page title: OPI®: Lucky Lucky Lavender - Nail Lacquer | Light Purple Nail Polish
OPI Nail Lacquer Madam President 0.5 oz NLW62,opi-nail-lacquer-madam-president-0-5-oz-nlw62,"Large semi-transparent ""NAILMALL"" watermark across the bottle",https://cdn.shopify.com/s/files/1/0752/7546/8972/files/opi-nail-lacquer-madam-president-nl-w62.jpg?v=1789231191,https://cdn.shopify.com/s/files/1/0649/4879/7673/products/madam-president-nlw62-nail-lacquer-22997103162_55ae8085-696c-40ba-8a09-ca1a190f5da1.jpg?width=1500&v=1675380088,https://www.opi.com/products/nail-lacquer-madam-president,opi.com main image (code NLW62 confirmed on page); page title: OPI® Madam President - Nail Lacquer | Dark Crème Nail Polish
OPI Nail Lacquer Malaga Wine 0.5 oz NLL87,opi-nail-lacquer-malaga-wine-0-5-oz-nll87,"Large semi-transparent ""NAILMALL"" watermark across the bottle",https://cdn.shopify.com/s/files/1/0752/7546/8972/files/opi-nail-lacquer-malaga-wine-nl-l87.jpg?v=1789231254,https://cdn.shopify.com/s/files/1/0649/4879/7673/products/malaga-wine-nll87-nail-lacquer-22001014065_d93479a6-7beb-4d58-abb7-de2a8a1edcb5.jpg?width=1500&v=1668649579,https://www.opi.com/products/nail-lacquer-malaga-wine,opi.com main image (code NLL87 confirmed on page); page title: Shop Malaga Wine | Red Nail Lacquer - OPI®
OPI Nail Lacquer Miami Beet 0.5 oz NLB78,opi-nail-lacquer-miami-beet-0-5-oz-nlb78,"Large semi-transparent ""NAILMALL"" watermark across the bottle",https://cdn.shopify.com/s/files/1/0752/7546/8972/files/opi-nail-lacquer-miami-beet-nl-b78.jpg?v=1789230859,https://cdn.shopify.com/s/files/1/0649/4879/7673/products/miami-beet-nlb78-nail-lacquer-22001014021_77df91a0-78b6-48f4-9611-2c4e30dd2ea8.jpg?width=1500&v=1668649932,https://www.opi.com/products/nail-lacquer-miami-beet,opi.com main image (code NLB78 confirmed on page); page title: OPI®: Miami Beet - Nail Lacquer | Red-Violet Nail Polish
OPI Nail Lacquer Mimosas for Mr. & Mrs. 0.5 oz NLR41,opi-nail-lacquer-mimosas-for-mr-mrs-0-5-oz-nlr41,"Large semi-transparent ""NAILMALL"" watermark across the bottle",https://cdn.shopify.com/s/files/1/0752/7546/8972/files/opi-nail-lacquer-mimosas-for-mr-n-mrs-nl-r41.jpg?v=1789231038,https://cdn.shopify.com/s/files/1/0649/4879/7673/products/mimosas-for-mrand-mrs-nlr41-nail-lacquer-22001014073_ae463e05-1dd5-4073-badd-a2677c0acdae.jpg?width=1500&v=1670292645,https://www.opi.com/products/nail-lacquer-mimosas-for-mr-mrs,opi.com main image (code NLR41 confirmed on page); page title: Shop Mimosas for Mr. &amp; Mrs. Nude Nail Lacquer - OPI®
OPI Nail Lacquer Mod About You 0.5 oz NLB56,opi-nail-lacquer-mod-about-you-0-5-oz-nlb56,"Large semi-transparent ""NAILMALL"" watermark across the bottle",https://cdn.shopify.com/s/files/1/0752/7546/8972/files/opi-nail-lacquer-mod-about-you-nl-b56.jpg?v=1789230859,https://cdn.shopify.com/s/files/1/0649/4879/7673/products/mod-about-you-nlb56-nail-lacquer-22001014014_75b1e363-85f8-4a27-9024-4ed01caa96b3.jpg?width=1500&v=1668650311,https://www.opi.com/products/nail-lacquer-mod-about-you,opi.com main image (code NLB56 confirmed on page); page title: Shop Mod About You | Pink Nail Lacquer - OPI®
OPI Nail Lacquer Movie Buff 0.5 oz NLH003,opi-nail-lacquer-movie-buff-0-5-oz-nlh003,"Faint/centered ""NAILMALL"" watermark across a color swatch ball (no bottle shown)",https://cdn.shopify.com/s/files/1/0752/7546/8972/files/opi-spring-2021-hollywood-nail-lacquer-movie-buff-nlh003-1.jpg?v=1789230953,https://cdn.shopify.com/s/files/1/0649/4879/7673/products/movie-buff-nlh003-nail-lacquer-99350070035_6fc4dd19-6ebb-4fad-88ff-82ad2c0ec2c3.jpg?width=1500&v=1667950677,https://www.opi.com/products/nail-lacquer-movie-buff,opi.com main image (code NLH003 confirmed on page); page title: OPI® Movie Buff - Nail Lacquer | Soft Crème Nail Polish
OPI Nail Lacquer My Chihuahua Bites! 0.5 oz NLM21,opi-nail-lacquer-my-chihuahua-bites-0-5-oz-nlm21,"Large semi-transparent ""NAILMALL"" watermark across the bottle",https://cdn.shopify.com/s/files/1/0752/7546/8972/files/opi-nail-lacquer-my-chihuahua-bites-nl-m21.jpg?v=1789231257,https://cdn.shopify.com/s/files/1/0649/4879/7673/products/my-chihuahua-bites-nlm21-nail-lacquer-22001014066_5a3ba034-e859-45ef-8a9d-d8ffd760ff36.jpg?width=1500&v=1668650826,https://www.opi.com/products/nail-lacquer-my-chihuahua-bites,opi.com main image (code NLM21 confirmed on page); page title: My Chihuahua Bites! - Nail Lacquer | Orange-Red Nail Polish | OPI 
OPI Nail Lacquer My Vampire Is Buff 0.5 oz NLE82,opi-nail-lacquer-my-vampire-is-buff-0-5-oz-nle82,"Large semi-transparent ""NAILMALL"" watermark across the bottle",https://cdn.shopify.com/s/files/1/0752/7546/8972/files/opi-nail-lacquer-my-vampire-is-buff-nl-e82.jpg?v=1789230949,https://cdn.shopify.com/s/files/1/0649/4879/7673/products/my-vampire-is-buff-nle82-nail-lacquer-22002184003_3f9ed57e-1698-4409-aa3f-8e5b93155fb4.jpg?width=1500&v=1668722113,https://www.opi.com/products/nail-lacquer-my-vampire-is-buff,opi.com main image (code NLE82 confirmed on page); page title: OPI®: My Vampire is Buff - Nail Lacquer | Pale Nude Nail Polish
OPI Nail Lacquer OPI by Popular Vote 0.5 oz NLW63,opi-nail-lacquer-opi-by-popular-vote-0-5-oz-nlw63,"Large semi-transparent ""NAILMALL"" watermark across the bottle",https://cdn.shopify.com/s/files/1/0752/7546/8972/files/opi-nail-lacquer-opi-by-popular-vote-nl-w63.jpg?v=1789231191,https://cdn.shopify.com/s/files/1/0649/4879/7673/products/opi-by-popular-vote-nlw63-nail-lacquer-22997103163_0bbb0e42-df4e-4ff2-9fff-a0d4cf7a3e50.jpg?width=1500&v=1675380540,https://www.opi.com/products/nail-lacquer-opi-by-popular-vote,opi.com main image (code NLW63 confirmed on page); page title: OPI® OPI by Popular Vote - Nail Lacquer | Dark Crème Nail Polish
OPI Nail Lacquer OPI Red 0.5 oz NLL72,opi-nail-lacquer-opi-red-0-5-oz-nll72,"Large semi-transparent ""NAILMALL"" watermark across the bottle",https://cdn.shopify.com/s/files/1/0752/7546/8972/files/opi-nail-lacquer-opi-red-nl-l72.jpg?v=1789231254,https://cdn.shopify.com/s/files/1/0649/4879/7673/products/opi-red-nll72-nail-lacquer-22001014064_153c04ba-e20a-44e8-9e3f-584a43f52314.jpg?width=1500&v=1668725204,https://www.opi.com/products/nail-lacquer-opi-red,opi.com main image (code NLL72 confirmed on page); page title: OPI Red - Nail Lacquer | Red Nail Polish | OPI 
OPI Nail Lacquer Pale to the Chief 0.5 oz NLW57,opi-nail-lacquer-pale-to-the-chief-0-5-oz-nlw57,"Large semi-transparent ""NAILMALL"" watermark across the bottle",https://cdn.shopify.com/s/files/1/0752/7546/8972/files/opi-nail-lacquer-pale-to-the-chief-nl-w57.jpg?v=1789231190,https://cdn.shopify.com/s/files/1/0649/4879/7673/products/pale-to-the-chief-nlw57-nail-lacquer-22997103157_a6efd16f-864e-4072-b4e4-7a32d8b0b6e4.jpg?width=1500&v=1675380716,https://www.opi.com/products/nail-lacquer-pale-to-the-chief,opi.com main image (code NLW57 confirmed on page); page title: OPI®: Pale to the Chief - Nail Lacquer | Shimmery Nude Nail Polish
OPI Nail Lacquer Passion 0.5 oz NLH19,opi-nail-lacquer-passion-0-5-oz-nlh19,"Large semi-transparent ""NAILMALL"" watermark across the bottle",https://cdn.shopify.com/s/files/1/0752/7546/8972/files/opi-nail-lacquer-passion-nl-h19.jpg?v=1789231051,https://cdn.shopify.com/s/files/1/0649/4879/7673/products/passion-nlh19-nail-lacquer-22001014054_c0b8f0b1-842b-43b5-b01c-f430ea8a9d00.jpg?width=1500&v=1668725773,https://www.opi.com/products/nail-lacquer-passion,opi.com main image (code NLH19 confirmed on page); page title: Passion - Pink Nail Lacquer | OPI
OPI Nail Lacquer (P)Ink on Canvas 0.5 oz NLLA03,opi-nail-lacquer-pink-on-canvas-0-5-oz-nlla03,"Large grey ""NAILMALL"" watermark across image (also a bare color swatch circle, no bottle)",https://cdn.shopify.com/s/files/1/0752/7546/8972/files/opi-fall-2021-dtla-nail-lacquer-p-ink-on-canvas-nlla03-1.jpg?v=1789231255,https://cdn.shopify.com/s/files/1/0649/4879/7673/products/pink-on-canvas-nlla03-nail-lacquer-99350098453_ca8c58a2-62f0-47f3-80f3-f97584d9bc7b.jpg?width=1500&v=1667957296,https://www.opi.com/products/nail-lacquer-pink-on-canvas,opi.com main image (code NLLA03 confirmed on page)
OPI Nail Lacquer Pixel Dust 0.5 oz NLD51,opi-nail-lacquer-pixel-dust-0-5-oz-nld51,"Large grey ""NAILMALL"" watermark across image (also a bare color swatch circle, no bottle)",https://cdn.shopify.com/s/files/1/0752/7546/8972/files/opi-spring-2022-xbox-nail-lacquer-pixel-dust-nld51-1.jpg?v=1789230862,https://cdn.shopify.com/s/files/1/0649/4879/7673/products/pixel-dust-nld51-nail-lacquer-99350113212_9d1f640b-191c-4512-9243-c388ce610cbb.jpg?width=1500&v=1668033690,https://www.opi.com/products/nail-lacquer-pixel-dust,opi.com main image (code NLD51 confirmed on page); page title: OPI® Pixel Dust - Nail Lacquer | Light Shimmer Nail Polish
OPI Nail Lacquer Princesses Rule! 0.5 oz NLR44,opi-nail-lacquer-princesses-rule-0-5-oz-nlr44,"Large grey ""NAILMALL"" watermark across image",https://cdn.shopify.com/s/files/1/0752/7546/8972/files/opi-nail-lacquer-princesses-rule-nl-r44.jpg?v=1789231039,https://cdn.shopify.com/s/files/1/0649/4879/7673/products/princesses-rule-nlr44-nail-lacquer-22001014107_7dd6f82c-a9b0-4715-b59f-890250f37961.jpg?width=1500&v=1668726789,https://www.opi.com/products/nail-lacquer-princesses-rule,opi.com main image (code NLR44 confirmed on page); page title: Shop Princesses Rule!® | Pink Nail Lacquer - OPI®
OPI Nail Lacquer Put It in Neutral 0.5 oz NLT65,opi-nail-lacquer-put-it-in-neutral-0-5-oz-nlt65,"Large grey ""NAILMALL"" watermark across image",https://cdn.shopify.com/s/files/1/0752/7546/8972/files/opi-nail-lacquer-put-it-in-nuetral-nlt65.jpg?v=1789231123,https://cdn.shopify.com/s/files/1/0649/4879/7673/products/put-it-in-neutral-nlt65-nail-lacquer-22995100265_7729e97b-fcf8-4002-853e-35e773e1c28c.jpg?width=1500&v=1668727154,https://www.opi.com/products/nail-lacquer-put-it-in-neutral,opi.com main image (code NLT65 confirmed on page); page title: Shop Put it in Neutral Nude Nail Lacquer - OPI®
OPI Nail Lacquer Quest for Quartz 0.5 oz NLD50,opi-nail-lacquer-quest-for-quartz-0-5-oz-nld50,"Large grey ""NAILMALL"" watermark across image (also a bare color swatch circle, no bottle)",https://cdn.shopify.com/s/files/1/0752/7546/8972/files/opi-spring-2022-xbox-nail-lacquer-quest-for-quartz-nld50-1.jpg?v=1789230862,https://cdn.shopify.com/s/files/1/0649/4879/7673/products/quest-for-quartz-nld50-nail-lacquer-99350113209_c0fa5186-d32e-4aca-9f38-dc524a0ee069.jpg?width=1500&v=1668034026,https://www.opi.com/products/nail-lacquer-quest-for-quartz,opi.com main image (code NLD50 confirmed on page); page title: OPI® Quest for Quartz - Nail Lacquer | Light Shimmer Nail Polish
OPI Nail Lacquer Racing for Pinks 0.5 oz NLD52,opi-nail-lacquer-racing-for-pinks-0-5-oz-nld52,"Large grey ""NAILMALL"" watermark across image (also a bare color swatch circle, no bottle)",https://cdn.shopify.com/s/files/1/0752/7546/8972/files/opi-spring-2022-xbox-nail-lacquer-racing-for-pinks-nld52-1.jpg?v=1789230946,https://cdn.shopify.com/s/files/1/0649/4879/7673/products/racing-for-pinks-nld52-nail-lacquer-99350113219_c243c56e-7efa-4668-a868-3e138192b80f.jpg?width=1500&v=1668034366,https://www.opi.com/products/nail-lacquer-racing-for-pinks,opi.com main image (code NLD52 confirmed on page); page title: OPI® Racing for Pinks - Nail Lacquer | Light Crème Nail Polish
OPI Nail Lacquer Red Hot Rio 0.5 oz NLA70,opi-nail-lacquer-red-hot-rio-0-5-oz-nla70,"Large grey ""NAILMALL"" watermark across image",https://cdn.shopify.com/s/files/1/0752/7546/8972/files/opi-nail-lacquer-red-hot-rio-nl-a70.jpg?v=1789230858,https://cdn.shopify.com/s/files/1/0649/4879/7673/products/red-hot-rio-nla70-nail-lacquer-22002576001_d8e797f2-6deb-493a-831e-52a7e67df88f.jpg?width=1500&v=1668727421,https://www.opi.com/products/nail-lacquer-red-hot-rio,opi.com main image (code NLA70 confirmed on page); page title: Red Hot Rio - Nail Lacquer | Ruby Red Nail Polish | OPI 
OPI Nail Lacquer Samoan Sand 0.5 oz NLP61,opi-nail-lacquer-samoan-sand-0-5-oz-nlp61,"Large grey ""NAILMALL"" watermark across image",https://cdn.shopify.com/s/files/1/0752/7546/8972/files/opi-nail-lacquer-samoan-sand-nl-p61.jpg?v=1789231037,https://cdn.shopify.com/s/files/1/0649/4879/7673/products/samoan-sand-nlp61-nail-lacquer-22001014071_3810c028-e98f-43f5-83b4-719365b0a7ac.jpg?width=1500&v=1668728402,https://www.opi.com/products/nail-lacquer-samoan-sand,opi.com main image (code NLP61 confirmed on page); page title: OPI®: Samoan Sand - Nail Lacquer | Sandy Beige Nude Nail Polish
OPI Nail Lacquer She's a Bad Muffuletta! 0.5 oz NLN56,opi-nail-lacquer-shes-a-bad-muffuletta-0-5-oz-nln56,"Large grey ""NAILMALL"" watermark across image",https://cdn.shopify.com/s/files/1/0752/7546/8972/files/opi-nail-lacquer-she-s-a-bad-muffuletta-nl-n56.jpg?v=1789230952,https://cdn.shopify.com/s/files/1/0649/4879/7673/products/shes-a-bad-muffuletta-nln56-nail-lacquer-22994150056_a8a446b8-3701-4231-984b-0609b333fe59.jpg?width=1500&v=1668728929,https://www.opi.com/products/nail-lacquer-shes-a-bad-muffuletta,opi.com main image (code NLN56 confirmed on page); page title: She&#x27;s a Bad Muffuletta! - Nail Lacquer | Deep Red Nail Polish | OPI 
OPI Nail Lacquer Shorts Story 0.5 oz NLB86,opi-nail-lacquer-shorts-story-0-5-oz-nlb86,"Large grey ""NAILMALL"" watermark across image",https://cdn.shopify.com/s/files/1/0752/7546/8972/files/opi-nail-lacquer-shorts-story-nl-b86.jpg?v=1789230860,https://cdn.shopify.com/s/files/1/0649/4879/7673/products/shorts-story-nlb86-nail-lacquer-22001014024_f69319e9-9571-41f4-b742-8bce593a769f.jpg?width=1500&v=1668729356,https://www.opi.com/products/nail-lacquer-shorts-story,opi.com main image (code NLB86 confirmed on page); page title: OPI®: Shorts Story - Nail Lacquer | Hot Pink Nail Polish
OPI Nail Lacquer Spare Me a French Quarter? 0.5 oz NLN55,opi-nail-lacquer-spare-me-a-french-quarter-0-5-oz-nln55,"Large grey ""NAILMALL"" watermark across image",https://cdn.shopify.com/s/files/1/0752/7546/8972/files/opi-nail-lacquer-spare-me-a-french-quarter-nl-n55.jpg?v=1789230952,https://cdn.shopify.com/s/files/1/0649/4879/7673/products/spare-me-a-french-quarter-nln55-nail-lacquer-22994150055_fcdf0b6e-f88e-425f-af2c-c2870daf2d75.jpg?width=1500&v=1668729784,https://www.opi.com/products/nail-lacquer-spare-me-a-french-quarter,opi.com main image (code NLN55 confirmed on page); page title: OPI®: Spare Me a French Quarter? - Nail Lacquer | Raspberry Nail Polish
OPI Nail Lacquer Stop It I'm Blushing! 0.5 oz NLT74,opi-nail-lacquer-stop-it-im-blushing-0-5-oz-nlt74,"Large grey ""NAILMALL"" watermark across image",https://cdn.shopify.com/s/files/1/0752/7546/8972/files/opi-nail-lacquer-stop-it-i-m-blushing-nl-t74.jpg?v=1789231124,https://cdn.shopify.com/s/files/1/0649/4879/7673/products/stop-it-im-blushing-nlt74-nail-lacquer-22994257074_7c538c4a-cece-419a-ba3b-9a6687db5d5d.jpg?width=1500&v=1668730030,https://www.opi.com/products/nail-lacquer-stop-it-im-blushing,opi.com main image (code NLT74 confirmed on page); page title: OPI®: Stop It I&#x27;m Blushing! - Nail Lacquer | Nude Peach Nail Polish
OPI Nail Lacquer Strawberry Margarita 0.5 oz NLM23,opi-nail-lacquer-strawberry-margarita-0-5-oz-nlm23,"Large grey ""NAILMALL"" watermark across image",https://cdn.shopify.com/s/files/1/0752/7546/8972/files/opi-nail-lacquer-strawberry-margarita-nl-m23.jpg?v=1789231257,https://cdn.shopify.com/s/files/1/0649/4879/7673/products/strawberry-margarita-nlm23-nail-lacquer-22001014067_5e4618d9-88fe-429d-846e-eb242981ac43.jpg?width=1500&v=1668730399,https://www.opi.com/products/nail-lacquer-strawberry-margarita,opi.com main image (code NLM23 confirmed on page); page title: Shop Strawberry Margarita | Pink Nail Lacquer - OPI®
OPI Nail Lacquer Suzi Calls the Paparazzi 0.5 oz NLH001,opi-nail-lacquer-suzi-calls-the-paparazzi-0-5-oz-nlh001,"Large grey ""NAILMALL"" watermark across image (also a bare color swatch circle, no bottle)",https://cdn.shopify.com/s/files/1/0752/7546/8972/files/opi-spring-2021-hollywood-nail-lacquer-suzi-calls-the-paparazzi-nlh001-1.jpg?v=1789230952,https://cdn.shopify.com/s/files/1/0649/4879/7673/products/suzi-calls-the-paparazzi-nlh001-nail-lacquer-99350070033_a71bdbd1-042f-4743-b17e-65ede4701110.jpg?width=1500&v=1667951215,https://www.opi.com/products/nail-lacquer-suzi-calls-the-paparazzi,opi.com main image (code NLH001 confirmed on page); page title: OPI® Suzi Calls the Paparazzi - Nail Lacquer | Soft Crème Nail Polish
OPI Nail Lacquer Suzi Chases Portu-geese 0.5 oz NLL26,opi-nail-lacquer-suzi-chases-portu-geese-0-5-oz-nll26,"Large grey ""NAILMALL"" watermark across image",https://cdn.shopify.com/s/files/1/0752/7546/8972/files/opi-nail-lacquer-suzi-chases-portu-geese-nl-l26.jpg?v=1789231152,https://cdn.shopify.com/s/files/1/0649/4879/7673/products/suzi-chases-portu-geese-nll26-nail-lacquer-22500004126_8201547d-0376-40f0-b623-96f0f061e6f9.jpg?width=1500&v=1675298048,https://www.opi.com/products/nail-lacquer-suzi-chases-portu-geese,opi.com main image (code NLL26 confirmed on page); page title: OPI®: Suzi Chases Portu-geese - Nail Lacquer | Off-White Nail Polish
OPI Nail Lacquer Suzi Shops & Island Hops 0.5 oz NLH71,opi-nail-lacquer-suzi-shops-island-hops-0-5-oz-nlh71,"Large grey ""NAILMALL"" watermark across image",https://cdn.shopify.com/s/files/1/0752/7546/8972/files/opi-nail-lacquer-suzi-shops-n-island-hops-nl-h71.jpg?v=1789231146,https://cdn.shopify.com/s/files/1/0649/4879/7673/products/suzi-shops-and-island-hops-nlh71-nail-lacquer-22000354871_04c8a3f9-ea81-4e8c-861a-9396730b007f.jpg?width=1500&v=1668730882,https://www.opi.com/products/nail-lacquer-suzi-shops-island-hops,opi.com main image (code NLH71 confirmed on page); page title: OPI®: Suzi Shops &amp; Island Hops - Nail Lacquer | Pink Nail Polish
OPI Nail Lacquer Sweet Heart 0.5 oz NLS96,opi-nail-lacquer-sweet-heart-0-5-oz-nls96,"Large grey ""NAILMALL"" watermark across image",https://cdn.shopify.com/s/files/1/0752/7546/8972/files/opi-nail-lacquer-sweet-heart-nl-s96.jpg?v=1789231041,https://cdn.shopify.com/s/files/1/0649/4879/7673/products/sweet-heart-nls96-nail-lacquer-22001014087_e2b2cd70-71b1-4a03-b86a-bc454d2bd2b0.jpg?v=1668731080&width=1500,https://www.opi.com/products/nail-lacquer-sweet-heart,"opi.com main product image (Sweet Heart); filename contains code NLS96; ""sku"":""22001014087"""
OPI Nail Lacquer Tagus in That Selfie! 0.5 oz NLL18,opi-nail-lacquer-tagus-in-that-selfie-0-5-oz-nll18,"Large grey ""NAILMALL"" watermark across image (also a bare color swatch circle, no bottle)",https://cdn.shopify.com/s/files/1/0752/7546/8972/files/opi-nail-lacquer-tagus-in-that-selfie-nl-l18.jpg?v=1789231151,https://cdn.shopify.com/s/files/1/0649/4879/7673/products/tagus-in-that-selfie-nll18-nail-lacquer-22500004118_df34a97a-f89b-4bbb-ba7d-6f223b7ece82.jpg?v=1675298219&width=1500,https://www.opi.com/products/nail-lacquer-tagus-in-that-selfie,"opi.com main product image (Tagus in That Selfie!); filename contains code NLL18; ""sku"":""22500004118"""
OPI Nail Lacquer Telenovela Me About It 0.5 oz NLM91,opi-nail-lacquer-telenovela-me-about-it-0-5-oz-nlm91,"Large grey ""NAILMALL"" watermark across image",https://cdn.shopify.com/s/files/1/0752/7546/8972/files/opi-spring-2020-mexico-city-nail-lacquer-telenovela-me-about-it-nlm91-1.jpg?v=1789231259,https://cdn.shopify.com/s/files/1/0649/4879/7673/products/telenovela-me-about-it-nlm91-nail-lacquer-22222728009_9407290a-be9d-4f33-9c32-dfd4deca3ba7.jpg?v=1667861574&width=1500,https://www.opi.com/products/nail-lacquer-telenovela-me-about-it,"opi.com main product image (Telenovela Me About It); filename contains code NLM91; ""sku"":""22222728009"""
OPI Nail Lacquer The Thrill of Brazil 0.5 oz NLA16,opi-nail-lacquer-the-thrill-of-brazil-0-5-oz-nla16,"Large grey ""NAILMALL"" watermark across image",https://cdn.shopify.com/s/files/1/0752/7546/8972/files/opi-nail-lacquer-the-thrill-of-brazil-nl-a16.jpg?v=1789230857,https://cdn.shopify.com/s/files/1/0649/4879/7673/products/the-thrill-of-brazil-nla16-nail-lacquer-22001014003_7cfa9ac1-e196-41f0-bde8-a427c54fc739.jpg?v=1668732417&width=1500,https://www.opi.com/products/nail-lacquer-the-thrill-of-brazil,"opi.com main product image (The Thrill of Brazil); filename contains code NLA16; ""sku"":""22001014003"""
OPI Nail Lacquer Throw Me a Kiss 0.5 oz NLSH2,opi-nail-lacquer-throw-me-a-kiss-0-5-oz-nlsh2,"Large grey ""NAILMALL"" watermark across image",https://cdn.shopify.com/s/files/1/0752/7546/8972/files/opi-nail-lacquer-nlsh2-throw-me-a-kiss-1.jpg?v=1789231042,https://cdn.shopify.com/s/files/1/0649/4879/7673/products/throw-me-a-kiss-nlsh2-nail-lacquer-22850011002_ed4fa8e0-9da5-4ec0-aaaa-0ca5c260d808.jpg?v=1668734496&width=1500,https://www.opi.com/products/nail-lacquer-throw-me-a-kiss,"opi.com main product image (Throw Me a Kiss); filename contains code NLSH2; ""sku"":""22850011002"""
OPI Nail Lacquer Tickle My France-y 0.5 oz NLF16,opi-nail-lacquer-tickle-my-france-y-0-5-oz-nlf16,"Large grey ""NAILMALL"" watermark across image",https://cdn.shopify.com/s/files/1/0752/7546/8972/files/opi-nail-lacquer-tickle-my-france-y-nl-f16.jpg?v=1789230950,https://cdn.shopify.com/s/files/1/0649/4879/7673/products/tickle-my-france-y-nlf16-nail-lacquer-22001014042_a620fb87-4687-4910-a805-6cef3fc4ab67.jpg?v=1668734737&width=1500,https://www.opi.com/products/nail-lacquer-tickle-my-france-y,"opi.com main product image (Tickle My France-y); filename contains code NLF16; ""sku"":""99350077702"""
OPI Nail Lacquer Tiramisu for Two 0.5 oz NLV28,opi-nail-lacquer-tiramisu-for-two-0-5-oz-nlv28,"Large grey ""NAILMALL"" watermark across image",https://cdn.shopify.com/s/files/1/0752/7546/8972/files/opi-nail-lacquer-tiramisu-for-two-nl-v28.jpg?v=1789231128,https://cdn.shopify.com/s/files/1/0649/4879/7673/products/tiramisu-for-two-nlv28-nail-lacquer-22995154028_8c51ab81-0221-4c9d-9c21-4a3f1f219893.jpg?v=1668735129&width=1500,https://www.opi.com/products/nail-lacquer-tiramisu-for-two,"opi.com main product image (Tiramisu for Two); filename contains code NLV28; ""sku"":""22995154028"""
OPI Nail Lacquer Two-timing the Zones 0.5 oz NLF80,opi-nail-lacquer-two-timing-the-zones-0-5-oz-nlf80,"Large grey ""NAILMALL"" watermark across image",https://cdn.shopify.com/s/files/1/0752/7546/8972/files/opi-nail-lacquer-two-timing-the-zones-nl-f80.jpg?v=1789230951,https://cdn.shopify.com/s/files/1/0649/4879/7673/products/two-timing-the-zones-nlf80-nail-lacquer-22006698180_a76ce439-d1b8-4415-bbd6-640aea0657b9.jpg?v=1675212344&width=1500,https://www.opi.com/products/nail-lacquer-two-timing-the-zones,"opi.com main product image (Two-Timing the Zones); filename contains code NLF80; ""sku"":""22006698180"""
OPI Nail Lacquer We the Female 0.5 oz NLW64,opi-nail-lacquer-we-the-female-0-5-oz-nlw64,"Large grey ""NAILMALL"" watermark across image",https://cdn.shopify.com/s/files/1/0752/7546/8972/files/opi-nail-lacquer-we-the-female-nl-w64.jpg?v=1789231192,https://cdn.shopify.com/s/files/1/0649/4879/7673/products/we-the-female-nlw64-nail-lacquer-22997103164_0b4378b0-6623-4341-95f6-1c319d5f1ef6.jpg?v=1675381671&width=1500,https://www.opi.com/products/nail-lacquer-we-the-female,"opi.com main product image (We the Female); filename contains code NLW64; ""sku"":""22997103164"""
OPI Nail Lacquer Worth a Pretty Penne 0.5 oz NLV27,opi-nail-lacquer-worth-a-pretty-penne-0-5-oz-nlv27,"Large grey ""NAILMALL"" watermark across image",https://cdn.shopify.com/s/files/1/0752/7546/8972/files/opi-nail-lacquer-worth-a-pretty-penne-nl-v27.jpg?v=1789231128,https://cdn.shopify.com/s/files/1/0649/4879/7673/products/worth-a-pretty-penne-nlv27-nail-lacquer-22995154027_335b5246-ad71-47c5-9e56-73bd088f50b8.jpg?v=1668736171&width=1500,https://www.opi.com/products/nail-lacquer-worth-a-pretty-penne,"opi.com main product image (Worth a Pretty Penne); filename contains code NLV27; ""sku"":""22995154027"""
OPI Nail Lacquer You Don't Know Jacques! 0.5 oz NLF15,opi-nail-lacquer-you-dont-know-jacques-0-5-oz-nlf15,"Large grey ""NAILMALL"" watermark across image",https://cdn.shopify.com/s/files/1/0752/7546/8972/files/opi-nail-lacquer-you-don-t-know-jacques-nl-f15.jpg?v=1789230949,https://cdn.shopify.com/s/files/1/0649/4879/7673/products/you-dont-know-jacques-nlf15-nail-lacquer-22001014041_a65a3cfa-9323-4898-a7b8-f7d83858cd0b.jpg?v=1668736525&width=1500,https://www.opi.com/products/nail-lacquer-you-dont-know-jacques,"opi.com main product image (You Don't Know Jacques!); filename contains code NLF15; ""sku"":""99350077701"""
OPI Powder Perfection Dip Powder 7th & Flower 1.5 oz DPLA05,opi-powder-perfection-dip-powder-7th-flower-1-5-oz-dpla05,"Large grey ""NAILMALL"" watermark across image (also a bare color swatch circle, no bottle)",https://cdn.shopify.com/s/files/1/0752/7546/8972/files/opi-fall-2021-dtla-dip-powder-7th-and-flower-dpla05-1.jpg?v=1789176805,,,not found on opi.com (no dipping-powder page for this shade)
OPI Powder Perfection Dip Powder Bare My Soul 1.5 oz DPSH4,opi-powder-perfection-dip-powder-bare-my-soul-1-5-oz-dpsh4,"Hand/nails lifestyle shot only, no product visible",https://cdn.shopify.com/s/files/1/0752/7546/8972/files/Opi-Dip-Powder-Bare-My-Soul-1-5-oz--DPSH4.webp?v=1789177449,https://cdn.shopify.com/s/files/1/0649/4879/7673/files/bare_my_soul_dpsh4_dipping_powder_99350187139_2000x2477_a505f670-64bf-4850-8b89-57d4c5778368.jpg?v=1747681230&width=1500,https://www.opi.com/products/dipping-powder-bare-my-soul,"opi.com main product image (Bare My Soul); filename contains code DPSH4; ""sku"":""99350187139"""
OPI Powder Perfection Dip Powder Big Apple Red 1.5 oz DPN25,opi-powder-perfection-dip-powder-big-apple-red-1-5-oz-dpn25,"Faint repeating diagonal ""BEYOND POLISH"" watermark (also in filename ""at-Beyond-Polish"")",https://cdn.shopify.com/s/files/1/0752/7546/8972/files/OPI-Dipping-Powder-Perfection-Big-Apple-Red-1_5-oz-DPN25-Dipping-Powder-at-Beyond-Polish.jpg?v=1789175569,https://cdn.shopify.com/s/files/1/0649/4879/7673/products/big-apple-red-dpn25-dipping-powder-22550220125_c927ac0b-a2a2-4ee0-ab71-16eb4fd4cb82.jpg?v=1668557007&width=1500,https://www.opi.com/products/dipping-powder-big-apple-red,"opi.com main product image (Big Apple Red®); filename contains code DPN25; ""sku"":""22550220125"""
OPI Powder Perfection Dip Powder Black Onyx 1.5 oz DPT02,opi-powder-perfection-dip-powder-black-onyx-1-5-oz-dpt02,"Large grey ""NAILMALL"" watermark across image",https://cdn.shopify.com/s/files/1/0752/7546/8972/files/opi-dip-powder-dpt02-black-onyx-1.jpg?v=1789177451,https://cdn.shopify.com/s/files/1/0649/4879/7673/products/black-onyx-dpt02-dipping-powder-22550220102_5768050d-e98a-4d57-99e7-c49c35b79579.jpg?v=1668558098&width=1500,https://www.opi.com/products/dipping-powder-black-onyx,"opi.com main product image (Black Onyx®); filename contains code DPT02; ""sku"":""22550220102"""
OPI Powder Perfection Dip Powder Cajun Shrimp 1.5 oz DPL64,opi-powder-perfection-dip-powder-cajun-shrimp-1-5-oz-dpl64,"Faint repeating diagonal ""BEYOND POLISH"" watermark (also in filename ""at-Beyond-Polish"")",https://cdn.shopify.com/s/files/1/0752/7546/8972/files/OPI-Dipping-Powder-Perfection-Cajun-Shrimp-1_5-oz-DPL64-Dipping-Powder-at-Beyond-Polish.jpg?v=1789175597,https://cdn.shopify.com/s/files/1/0649/4879/7673/products/cajun-shrimp-dpl64-dipping-powder-22550220164_5705a26c-1d39-42f4-b6ed-18a549626594.jpg?v=1668560239&width=1500,https://www.opi.com/products/dipping-powder-cajun-shrimp,"opi.com main product image (Cajun Shrimp®); filename contains code DPL64; ""sku"":""22550220164"""
OPI Powder Perfection Dip Powder Chick Flick Cherry 1.5 oz DPH02,opi-powder-perfection-dip-powder-chick-flick-cherry-1-5-oz-dph02,"Large grey ""NAILMALL"" watermark across image",https://cdn.shopify.com/s/files/1/0752/7546/8972/files/opi-dip-powder-dph02-chick-flick-cherry-1.jpg?v=1789176806,https://cdn.shopify.com/s/files/1/0649/4879/7673/products/chick-flick-cherry-dph02-dipping-powder-22500365002_8efaaca8-f9de-4e40-b92a-a66123b744f4.jpg?v=1668566099&width=1500,https://www.opi.com/products/dipping-powder-chick-flick-cherry,"opi.com main product image (Chick Flick Cherry); filename contains code DPH02; ""sku"":""22500365002"""
OPI Powder Perfection Dip Powder Chiffon My Mind 1.5 oz DPT63,opi-powder-perfection-dip-powder-chiffon-my-mind-1-5-oz-dpt63,"Large grey ""NAILMALL"" watermark across image",https://cdn.shopify.com/s/files/1/0752/7546/8972/files/opi-dip-powder-dpt63-chiffon-my-mind-1.jpg?v=1789176871,https://cdn.shopify.com/s/files/1/0649/4879/7673/products/chiffon-my-mind-dpt63-dipping-powder-22500366063_f7329557-52cb-4886-b296-59b7ad2d4223.jpg?v=1668566592&width=1500,https://www.opi.com/products/dipping-powder-chiffon-my-mind,"opi.com main product image (Chiffon My Mind); filename contains code DPT63; ""sku"":""22500366063"""
OPI Powder Perfection Dip Powder Color So Hot It Berns 1.5 oz DPZ13,opi-powder-perfection-dip-powder-color-so-hot-it-berns-1-5-oz-dpz13,"Large grey ""NAILMALL"" watermark across image",https://cdn.shopify.com/s/files/1/0752/7546/8972/files/opi-dip-powder-dpz13-color-so-hot-it-berns-1.jpg?v=1789176443,https://cdn.shopify.com/s/files/1/0649/4879/7673/products/color-so-hot-it-berns-dpz13-dipping-powder-22500366013_3d043424-c6b8-47cc-bd9b-586f8e120924.jpg?v=1668567905&width=1500,https://www.opi.com/products/dipping-powder-color-so-hot-it-berns,"opi.com main product image (Color So Hot It Berns); filename contains code DPZ13; ""sku"":""22500366013"""
OPI Powder Perfection Dip Powder Do You Take Lei Away? 1.5 oz DPH67,opi-powder-perfection-dip-powder-do-you-take-lei-away-1-5-oz-dph67,"Large grey ""NAILMALL"" watermark across image",https://cdn.shopify.com/s/files/1/0752/7546/8972/files/opi-dip-powder-dph67-do-you-take-lei-away-1.jpg?v=1789176976,https://cdn.shopify.com/s/files/1/0649/4879/7673/files/do_you_take_lei_away_dph67_dipping_powder_99350187145_2000x2477_234b1f5e-d04d-4711-8641-9f0de10d3ae4.jpg?v=1747681882&width=1500,https://www.opi.com/products/dipping-powder-do-you-take-lei-away,"opi.com main product image (Do You Take Lei Away?); filename contains code DPH67; ""sku"":""22550220167"""
OPI Powder Perfection Dip Powder Don't Bossa Nova Me Around 1.5 oz DPA60,opi-powder-perfection-dip-powder-dont-bossa-nova-me-around-1-5-oz-dpa60,"Large grey ""NAILMALL"" watermark across image",https://cdn.shopify.com/s/files/1/0752/7546/8972/files/opi-dip-powder-dpa60-don-t-bossa-nova-me-around-1.jpg?v=1789177172,https://cdn.shopify.com/s/files/1/0649/4879/7673/products/dont-bossa-nova-me-around-dpa60-dipping-powder-22550220160_2d8d0130-e134-4dc7-8026-883675557133.jpg?v=1668570918&width=1500,https://www.opi.com/products/dipping-powder-dont-bossa-nova-me-around,"opi.com main product image (Don't Bossa Nova Me Around®); filename contains code DPA60; ""sku"":""22550220160"""
OPI Powder Perfection Dip Powder Dulce de Leche 1.5 oz DPA15,opi-powder-perfection-dip-powder-dulce-de-leche-1-5-oz-dpa15,"Hand/nails lifestyle shot only, no product jar visible",https://cdn.shopify.com/s/files/1/0752/7546/8972/files/Opi-Dip-Powder-Dulce-de-Leche-1-5-oz--DPA15.webp?v=1789176974,https://cdn.shopify.com/s/files/1/0649/4879/7673/files/dulce_de_leche_dpa15_dipping_powder_99350187128_2000x2477_4f1ef392-fa38-4133-8490-abb861cb6f96.jpg?v=1747681408&width=1500,https://www.opi.com/products/dipping-powder-dulce-de-leche,"opi.com main product image (Dulce de Leche); filename contains code DPA15; ""sku"":""99350187128"""
OPI Powder Perfection Dip Powder Dutch Tulips 1.5 oz DPL60,opi-powder-perfection-dip-powder-dutch-tulips-1-5-oz-dpl60,"Faint repeating diagonal ""BEYOND POLISH"" watermark (also in filename ""at-Beyond-Polish"")",https://cdn.shopify.com/s/files/1/0752/7546/8972/files/OPI-Dipping-Powder-Perfection-Dutch-Tulips-1_5-oz-DPL60-Dipping-Powder-at-Beyond-Polish.jpg?v=1789175582,https://cdn.shopify.com/s/files/1/0649/4879/7673/products/dutch-tulips-dpl60-dipping-powder-22550220260_7e1164c0-029a-4eed-a66d-fcc86377c7cb.jpg?v=1668638220&width=1500,https://www.opi.com/products/dipping-powder-dutch-tulips,"opi.com main product image (Dutch Tulips); filename contains code DPL60; ""sku"":""22550220260"""
OPI Powder Perfection Dip Powder Humidi-Tea 1.5 oz DPN52,opi-powder-perfection-dip-powder-humidi-tea-1-5-oz-dpn52,"Large grey ""NAILMALL"" watermark stamped across the jar label",https://cdn.shopify.com/s/files/1/0752/7546/8972/files/opi-dip-powder-dpn52-humidi-tea-1.jpg?v=1789177170,https://cdn.shopify.com/s/files/1/0649/4879/7673/products/humidi-tea-dpn52-dipping-powder-22550220252_aa331dc5-846a-46d1-8f39-38e282a65964.jpg?v=1668642762&width=1500,https://www.opi.com/products/dipping-powder-humidi-tea,"opi.com main product image (Humidi-Tea); filename contains code DPN52; ""sku"":""22550220252"""
OPI Powder Perfection Dip Powder I'm Really an Actress 1.5 oz DPH010,opi-powder-perfection-dip-powder-im-really-an-actress-1-5-oz-dph010,"Grey ""NAILMALL"" watermark across a bare polish-colour swatch circle (not a jar shot)",https://cdn.shopify.com/s/files/1/0752/7546/8972/files/opi-spring-2021-hollywood-dip-powder-i-m-really-an-actress-dph010-1.jpg?v=1789176865,https://cdn.shopify.com/s/files/1/0649/4879/7673/products/im-really-an-actress-dph010-dipping-powder-99350070091_e61ecbed-8b20-4715-ab0b-24746b1b55e3.jpg?v=1667948568&width=1500,https://www.opi.com/products/dipping-powder-im-really-an-actress,"opi.com main product image (I'm Really an Actress); filename contains code DPH010; ""sku"":""99350070091"""
OPI Powder Perfection Dip Powder It's a Boy! 1.5 oz DPT75,opi-powder-perfection-dip-powder-its-a-boy-1-5-oz-dpt75,"Large grey ""NAILMALL"" watermark stamped across the jar label",https://cdn.shopify.com/s/files/1/0752/7546/8972/files/opi-dip-powder-dpt75-it-s-a-boy-1.jpg?v=1789177173,https://cdn.shopify.com/s/files/1/0649/4879/7673/products/its-a-boy-dpt75-dipping-powder-22500024175_dc108b15-5dfe-445b-8c4c-436d9eb63324.jpg?v=1668646039&width=1500,https://www.opi.com/products/dipping-powder-its-a-boy,"opi.com main product image (It's A Boy!); filename contains code DPT75; ""sku"":""22500024175"""
OPI Powder Perfection Dip Powder It's in the Cloud 1.5 oz DPT71,opi-powder-perfection-dip-powder-its-in-the-cloud-1-5-oz-dpt71,"Large grey ""NAILMALL"" watermark stamped across the jar label",https://cdn.shopify.com/s/files/1/0752/7546/8972/files/opi-dip-powder-dpt71-it-s-in-the-cloud-1.jpg?v=1789176975,https://cdn.shopify.com/s/files/1/0649/4879/7673/products/its-in-the-clouds-dpt71-dipping-powder-22500366071_98fbf72c-e49b-4c4e-a8c0-3700a9aece9f.jpg?v=1668646462&width=1500,https://www.opi.com/products/dipping-powder-its-in-the-cloud,"opi.com main product image (It's in the Cloud); filename contains code DPT71; ""sku"":""22500366071"""
OPI Powder Perfection Dip Powder Madam President 1.5 oz DPW62,opi-powder-perfection-dip-powder-madam-president-1-5-oz-dpw62,"Large grey ""NAILMALL"" watermark stamped across the jar label",https://cdn.shopify.com/s/files/1/0752/7546/8972/files/opi-dip-powder-dpw62-madam-president-1.jpg?v=1789176869,https://cdn.shopify.com/s/files/1/0649/4879/7673/products/madam-president-dpw62-dipping-powder-22500024162_38f01f18-9a8b-40bb-801e-3492e0a71edf.jpg?v=1668649370&width=1500,https://www.opi.com/products/dipping-powder-madam-president,"opi.com main product image (Madam President); filename contains code DPW62; ""sku"":""22500024162"""
OPI Powder Perfection Dip Powder Miami Beet 1.5 oz DPB78,opi-powder-perfection-dip-powder-miami-beet-1-5-oz-dpb78,"Large grey ""NAILMALL"" watermark stamped across the jar label",https://cdn.shopify.com/s/files/1/0752/7546/8972/files/opi-dip-powder-dpb78-miami-beet-1.jpg?v=1789176871,https://cdn.shopify.com/s/files/1/0649/4879/7673/products/miami-beet-dpb78-dipping-powder-22550220178_777b8039-59b9-4225-97b9-58b10745b5ea.jpg?v=1668649974&width=1500,https://www.opi.com/products/dipping-powder-miami-beet,"opi.com main product image (Miami Beet); filename contains code DPB78; ""sku"":""22550220178"""
OPI Powder Perfection Dip Powder Mod About You 1.5 oz DPB56,opi-powder-perfection-dip-powder-mod-about-you-1-5-oz-dpb56,"Large grey ""NAILMALL"" watermark stamped across the jar label",https://cdn.shopify.com/s/files/1/0752/7546/8972/files/opi-dip-powder-dpb56-mod-about-you-1.jpg?v=1789177368,https://cdn.shopify.com/s/files/1/0649/4879/7673/products/mod-about-you-dpb56-dipping-powder-22550220156_fabcae37-8e81-45fd-b3d9-395146561a97.jpg?v=1668650350&width=1500,https://www.opi.com/products/dipping-powder-mod-about-you,"opi.com main product image (Mod About You); filename contains code DPB56; ""sku"":""22550220156"""
OPI Powder Perfection Dip Powder Movie Buff 1.5 oz DPH003,opi-powder-perfection-dip-powder-movie-buff-1-5-oz-dph003,"Grey ""NAILMALL"" watermark across a bare polish-colour swatch circle (not a jar shot)",https://cdn.shopify.com/s/files/1/0752/7546/8972/files/opi-spring-2021-hollywood-dip-powder-movie-buff-dph003-1.jpg?v=1789177174,https://cdn.shopify.com/s/files/1/0649/4879/7673/products/movie-buff-dph003-dipping-powder-99350070093_f3e0cf79-9014-4c6c-9251-3c8c2ef7a20a.jpg?v=1667948691&width=1500,https://www.opi.com/products/dipping-powder-movie-buff,"opi.com main product image (Movie Buff); filename contains code DPH003; ""sku"":""99350070093"""
OPI Powder Perfection Dip Powder My Vampire Is Buff 1.5 oz DPE82,opi-powder-perfection-dip-powder-my-vampire-is-buff-1-5-oz-dpe82,"Large grey ""NAILMALL"" watermark stamped across the jar label",https://cdn.shopify.com/s/files/1/0752/7546/8972/files/opi-dip-powder-dpe82-my-vampire-is-buff-1.jpg?v=1789176974,https://cdn.shopify.com/s/files/1/0649/4879/7673/products/my-vampire-is-buff-dpe82-dipping-powder-22500365082_e8abffc9-0fcf-48f5-9754-74795927a1b0.jpg?v=1668722158&width=1500,https://www.opi.com/products/dipping-powder-my-vampire-is-buff,"opi.com main product image (My Vampire is Buff); filename contains code DPE82; ""sku"":""22500365082"""
OPI Powder Perfection Dip Powder OPI By Popular Vote 1.5 oz DPW63,opi-powder-perfection-dip-powder-opi-by-popular-vote-1-5-oz-dpw63,"Large grey ""NAILMALL"" watermark stamped across the jar label",https://cdn.shopify.com/s/files/1/0752/7546/8972/files/opi-dip-powder-dpw63-opi-by-popular-vote-1.jpg?v=1789176807,https://cdn.shopify.com/s/files/1/0649/4879/7673/products/opi-by-popular-vote-dpw63-dipping-powder-22222332063_f8072929-590d-42cf-a275-7066689eddae.jpg?v=1668723731&width=1500,https://www.opi.com/products/dipping-powder-opi-by-popular-vote,"opi.com main product image (OPI By Popular Vote); filename contains code DPW63; ""sku"":""22222332063"""
OPI Powder Perfection Dip Powder Passion 1.5 oz DPH19A,opi-powder-perfection-dip-powder-passion-1-5-oz-dph19a,"Large grey ""NAILMALL"" watermark stamped across the jar label",https://cdn.shopify.com/s/files/1/0752/7546/8972/files/opi-dip-powder-dph19-passion-powders-1.jpg?v=1789176973,https://cdn.shopify.com/s/files/1/0649/4879/7673/products/passion-dph19a-dipping-powder-22550224119_7cbae510-7693-4699-9270-ddee10b50d98.jpg?v=1668725810&width=1500,https://www.opi.com/products/dipping-powder-passion,"opi.com main product image (Passion); filename contains code DPH19A; ""sku"":""22650197119"",""sku"":""22550224119"""
OPI Powder Perfection Dip Powder (P)Ink on Canvas 1.5 oz DPLA03,opi-powder-perfection-dip-powder-pink-on-canvas-1-5-oz-dpla03,"Grey ""NAILMALL"" watermark across a bare polish-colour swatch circle (not a jar shot)",https://cdn.shopify.com/s/files/1/0752/7546/8972/files/opi-fall-2021-dtla-dip-powder-p-ink-on-canvas-dpla03-1.jpg?v=1789176972,,,not found on opi.com (no dipping-powder page for this shade)
OPI Powder Perfection Dip Powder Princesses Rule! 1.5 oz DPR44,opi-powder-perfection-dip-powder-princesses-rule-1-5-oz-dpr44,"Large grey ""NAILMALL"" watermark stamped across the jar label",https://cdn.shopify.com/s/files/1/0752/7546/8972/files/opi-dip-powder-dpr44-princesses-rule--1.jpg?v=1789177175,https://cdn.shopify.com/s/files/1/0649/4879/7673/products/princesses-rule-dpr44-dipping-powder-22550220344_89c131af-3189-4f05-bcfc-92877864844b.jpg?v=1668726830&width=1500,https://www.opi.com/products/dipping-powder-princesses-rule,"opi.com main product image (Princesses Rule!®); filename contains code DPR44; ""sku"":""22550220344"""
OPI Powder Perfection Dip Powder Put It in Neutral 1.5 oz DPT65,opi-powder-perfection-dip-powder-put-it-in-neutral-1-5-oz-dpt65,"Large grey ""NAILMALL"" watermark stamped across the jar label",https://cdn.shopify.com/s/files/1/0752/7546/8972/files/opi-dip-powder-dpt65-put-it-in-neutral-1.jpg?v=1789177450,https://cdn.shopify.com/s/files/1/0649/4879/7673/products/put-it-in-neutral-dpt65-dipping-powder-22500366065_8768c8ad-6fa6-476c-b884-a39172e5f317.jpg?v=1668727191&width=1500,https://www.opi.com/products/dipping-powder-put-it-in-neutral,"opi.com main product image (Put it in Neutral®); filename contains code DPT65; ""sku"":""22500366065"""
OPI Powder Perfection Dip Powder Racing for Pinks 1.5 oz DPD52,opi-powder-perfection-dip-powder-racing-for-pinks-1-5-oz-dpd52,"Grey ""NAILMALL"" watermark across a bare polish-colour swatch circle (not a jar shot)",https://cdn.shopify.com/s/files/1/0752/7546/8972/files/opi-spring-2022-xbox-dip-powder-racing-for-pinks-dpd52-1.jpg?v=1789176976,,,not found on opi.com (no dipping-powder page for this shade)
OPI Powder Perfection Dip Powder Red Hot Rio 1.5 oz DPA70,opi-powder-perfection-dip-powder-red-hot-rio-1-5-oz-dpa70,"Large grey ""NAILMALL"" watermark stamped across the jar label",https://cdn.shopify.com/s/files/1/0752/7546/8972/files/opi-dip-powder-dpa70-red-hot-rio-1.jpg?v=1789176455,https://cdn.shopify.com/s/files/1/0649/4879/7673/products/red-hot-rio-dpa70-dipping-powder-22500365070_728202b4-ccf8-4a5b-8997-3b9092b7db7a.jpg?v=1668727472&width=1500,https://www.opi.com/products/dipping-powder-red-hot-rio,"opi.com main product image (Red Hot Rio); filename contains code DPA70; ""sku"":""22500365070"""
OPI Powder Perfection Dip Powder Shorts Story 1.5 oz DPB86,opi-powder-perfection-dip-powder-shorts-story-1-5-oz-dpb86,"Large grey ""NAILMALL"" watermark stamped across the jar label",https://cdn.shopify.com/s/files/1/0752/7546/8972/files/opi-dip-powder-dpb86-shorts-story-1.jpg?v=1789177363,https://cdn.shopify.com/s/files/1/0649/4879/7673/products/shorts-story-dpb86-dipping-powder-22500365086_ad2e7417-84e1-4b8c-9d8f-1347cb7824a0.jpg?v=1668729413&width=1500,https://www.opi.com/products/dipping-powder-shorts-story,"opi.com main product image (Shorts Story); filename contains code DPB86; ""sku"":""22500365086"""
OPI Powder Perfection Dip Powder Spare Me a French Quarter? 1.5 oz DPN55,opi-powder-perfection-dip-powder-spare-me-a-french-quarter-1-5-oz-dpn55,"Large grey ""NAILMALL"" watermark stamped across the jar label",https://cdn.shopify.com/s/files/1/0752/7546/8972/files/opi-dip-powder-dpn55-spare-me-a-french-quarter-1.jpg?v=1789176432,https://cdn.shopify.com/s/files/1/0649/4879/7673/products/spare-me-a-french-quarter-dpn55-dipping-powder-22550220155_59a5d9bd-3567-41c8-a5a4-ff5b20a8ba37.jpg?v=1668729822&width=1500,https://www.opi.com/products/dipping-powder-spare-me-a-french-quarter,"opi.com main product image (Spare Me a French Quarter?); filename contains code DPN55; ""sku"":""22550220155"""
OPI Powder Perfection Dip Powder Stop It I'm Blushing! 1.5 oz DPT74,opi-powder-perfection-dip-powder-stop-it-im-blushing-1-5-oz-dpt74,"Large grey ""NAILMALL"" watermark stamped across the jar label",https://cdn.shopify.com/s/files/1/0752/7546/8972/files/opi-dip-powder-dpt74-stop-it-i-m-blushing-1.jpg?v=1789177364,https://cdn.shopify.com/s/files/1/0649/4879/7673/products/stop-im-blushing-dpt74-dipping-powder-22500366074_0c0ae96b-9b7e-45b3-b2c6-f288c7317686.jpg?v=1668730072&width=1500,https://www.opi.com/products/dipping-powder-stop-it-im-blushing,"opi.com main product image (Stop it I'm Blushing!); filename contains code DPT74; ""sku"":""22500366074"""
OPI Powder Perfection Dip Powder Suzi Calls the Paparazzi 1.5 oz DPH001,opi-powder-perfection-dip-powder-suzi-calls-the-paparazzi-1-5-oz-dph001,"Grey ""NAILMALL"" watermark across a bare polish-colour swatch circle (not a jar shot)",https://cdn.shopify.com/s/files/1/0752/7546/8972/files/opi-spring-2021-hollywood-dip-powder-suzi-calls-the-paparazzi-dph001-1.jpg?v=1789177170,,,not found on opi.com (no dipping-powder page for this shade)
OPI Powder Perfection Dip Powder Suzi Chases Portu-geese 1.5 oz DPL26,opi-powder-perfection-dip-powder-suzi-chases-portu-geese-1-5-oz-dpl26,"Large grey ""NAILMALL"" watermark stamped across the jar label",https://cdn.shopify.com/s/files/1/0752/7546/8972/files/opi-dip-powder-dpl26-suzi-chases-portu-geese-1.jpg?v=1789177365,https://cdn.shopify.com/s/files/1/0649/4879/7673/products/suzi-chases-portu-geese-dpl26-dipping-powder-22888302026_cefef0f1-cf02-4a2a-a283-42922aa719f9.jpg?v=1668731421&width=1500,https://www.opi.com/products/dipping-powder-suzi-chases-portu-geese,"opi.com main product image (Suzi Chases Portu-geese); filename contains code DPL26; ""sku"":""22888302026"""
OPI Powder Perfection Dip Powder Suzi Needs a Loch-smith 1.5 oz DPU13,opi-powder-perfection-dip-powder-suzi-needs-a-loch-smith-1-5-oz-dpu13,"Grey ""NAILMALL"" watermark across a bare polish-colour swatch circle (not a jar shot)",https://cdn.shopify.com/s/files/1/0752/7546/8972/files/opi-fall-2019-scotland-dip-powder-suzi-needs-a-loch-smith-dpu14u13-1.jpg?v=1789176869,https://cdn.shopify.com/s/files/1/0649/4879/7673/products/suzi-needs-a-loch-smith-dpu13-dipping-powder-22750305000_964f2b7e-df6b-4f16-b337-b28f02967960.jpg?v=1675375101&width=1500,https://www.opi.com/products/dipping-powder-suzi-needs-a-loch-smith,"opi.com main product image (Suzi Needs a Loch-smith); filename contains code DPU13; ""sku"":""22750305000"""
OPI Powder Perfection Dip Powder Suzi Shops & Island Hops 1.5 oz DPH71,opi-powder-perfection-dip-powder-suzi-shops-island-hops-1-5-oz-dph71,"Large grey ""NAILMALL"" watermark stamped across the jar label",https://cdn.shopify.com/s/files/1/0752/7546/8972/files/opi-dip-powder-dph71-suzi-shops-and-island-hops-1.jpg?v=1789177171,https://cdn.shopify.com/s/files/1/0649/4879/7673/products/suzi-shops-and-island-hops-dph71-dipping-powder-22500365071_eaa12dab-1630-49d0-841f-97bca6f42cde.jpg?v=1668730933&width=1500,https://www.opi.com/products/dipping-powder-suzi-shops-island-hops,"opi.com main product image (Suzi Shops & Island Hops); filename contains code DPH71; ""sku"":""22500365071"""
OPI Powder Perfection Dip Powder Tagus in That Selfie! 1.5 oz DPL18,opi-powder-perfection-dip-powder-tagus-in-that-selfie-1-5-oz-dpl18,"Large grey ""NAILMALL"" watermark stamped across the jar label",https://cdn.shopify.com/s/files/1/0752/7546/8972/files/opi-dip-powder-dpl18-tagus-in-that-selfie--1.jpg?v=1789177368,,,not found on opi.com (no dipping-powder page for this shade)
OPI Powder Perfection Dip Powder The Thrill of Brazil 1.5 oz DPA16,opi-powder-perfection-dip-powder-the-thrill-of-brazil-1-5-oz-dpa16,"Large grey ""NAILMALL"" watermark stamped across the jar label",https://cdn.shopify.com/s/files/1/0752/7546/8972/files/opi-dip-powder-dpa16-the-thrill-of-brazil-1.jpg?v=1789176867,https://cdn.shopify.com/s/files/1/0649/4879/7673/products/the-thrill-of-brazil-dpa16-dipping-powder-22550220116_9287cfd0-d242-4dfe-b698-577c5d61cc7e.jpg?v=1668732460&width=1500,https://www.opi.com/products/dipping-powder-the-thrill-of-brazil,"opi.com main product image (The Thrill of Brazil); filename contains code DPA16; ""sku"":""22550220116"""
OPI Powder Perfection Dip Powder Tiramisu for Two 1.5 oz DPV28,opi-powder-perfection-dip-powder-tiramisu-for-two-1-5-oz-dpv28,"Large grey ""NAILMALL"" watermark stamped across the jar label",https://cdn.shopify.com/s/files/1/0752/7546/8972/files/opi-dip-powder-dpv28-tiramisu-for-two-1.jpg?v=1789177173,https://cdn.shopify.com/s/files/1/0649/4879/7673/products/tiramisu-for-two-dpv28-dipping-powder-22550220128_4890e987-0cb0-4f96-a467-7beabb35ef54.jpg?v=1668735163&width=1500,https://www.opi.com/products/dipping-powder-tiramisu-for-two,"opi.com main product image (Tiramisu For Two); filename contains code DPV28; ""sku"":""22550220128"""
OPI Powder Perfection Dip Powder We the Female 1.5 oz DPW64,opi-powder-perfection-dip-powder-we-the-female-1-5-oz-dpw64,"Large grey ""NAILMALL"" watermark stamped across the jar label",https://cdn.shopify.com/s/files/1/0752/7546/8972/files/opi-dip-powder-dpw64-we-the-female-1.jpg?v=1789176868,https://cdn.shopify.com/s/files/1/0649/4879/7673/products/we-the-female-dpw64-dipping-powder-22550220264_765fae57-d7b9-4a6e-8c8a-72aa27bdf2ce.jpg?v=1668736001&width=1500,https://www.opi.com/products/dipping-powder-we-the-female,"opi.com main product image (We the Female); filename contains code DPW64; ""sku"":""22550220264"""
OPI Powder Perfection Dip Powder Lincoln Park After Dark 1.5 oz DPW42,opi-powder-perfection-dip-powder-lincoln-park-after-dark-1-5-oz-dpw42,"Faint tiled ""BEYONDPOLISH"" watermark text around the jar",https://cdn.shopify.com/s/files/1/0752/7546/8972/files/OPI-Dipping-Powder-Perfection-Lincoln-Park-After-Dark-1_5-oz-DPW42-Dipping-Powder-at-Beyond-Polish.jpg?v=1789176304,https://cdn.shopify.com/s/files/1/0649/4879/7673/products/lincoln-park-after-dark-dpw42-dipping-powder-22550220142_35945ba6-1ffd-4dd0-b371-5e93fb990d45.jpg?v=1668648385&width=1500,https://www.opi.com/products/dipping-powder-lincoln-park-after-dark,"opi.com main product image (Lincoln Park After Dark®); filename contains code DPW42; ""sku"":""22550220142"""
OPI Powder Perfection Dip Powder Malaga Wine 1.5 oz DPL87,opi-powder-perfection-dip-powder-malaga-wine-1-5-oz-dpl87,"Faint tiled ""BEYONDPOLISH"" watermark text around the jar",https://cdn.shopify.com/s/files/1/0752/7546/8972/files/OPI-Dipping-Powder-Perfection-Malaga-Wine-1_5-oz-DPL87-Dipping-Powder-at-Beyond-Polish.jpg?v=1789175609,https://cdn.shopify.com/s/files/1/0649/4879/7673/products/malaga-wine-dpl87-dipping-powder-22550220187_b08055bd-bbd2-42f2-a602-a817c600486e.jpg?v=1668649655&width=1500,https://www.opi.com/products/dipping-powder-malaga-wine,"opi.com main product image (Malaga Wine); filename contains code DPL87; ""sku"":""22550220187"""
OPI Powder Perfection Dip Powder Samoan Sand 1.5 oz DPP61A,opi-powder-perfection-dip-powder-samoan-sand-1-5-oz-dpp61a,"Faint tiled ""BEYONDPOLISH"" watermark text around the jar",https://cdn.shopify.com/s/files/1/0752/7546/8972/files/OPI-Powder-Perfection-Samoan-Sand-1_5-oz-DPP61-Dipping-Powder-at-Beyond-Polish.jpg?v=1789176291,https://cdn.shopify.com/s/files/1/0649/4879/7673/products/samoan-sand-dpp61a-dipping-powder-22550224161_dfa07fa4-1a8b-48e5-b753-07d38421bb74.jpg?v=1668728477&width=1500,https://www.opi.com/products/dipping-powder-samoan-sand,"opi.com main product image (Samoan Sand); filename contains code DPP61A; ""sku"":""22650197161"",""sku"":""22550224161"""
OPI Powder Perfection Dip Powder Strawberry Margarita 1.5 oz DPM23,opi-powder-perfection-dip-powder-strawberry-margarita-1-5-oz-dpm23,"Faint tiled ""BEYONDPOLISH"" watermark text around the jar",https://cdn.shopify.com/s/files/1/0752/7546/8972/files/OPI-Dipping-Powder-Perfection-Strawberry-Margarita-1_5-oz-DPM23-Dipping-Powder-at-Beyond-Polish.jpg?v=1789176316,https://cdn.shopify.com/s/files/1/0649/4879/7673/products/strawberry-margarita-dpm23-dipping-powder-22550220223_b1a6324d-b4ef-45b0-ad13-defda0314b57.jpg?v=1668730438&width=1500,https://www.opi.com/products/dipping-powder-strawberry-margarita,"opi.com main product image (Strawberry Margarita); filename contains code DPM23; ""sku"":""22550220223"""
OPI Powder Perfection Dip Powder Heart and Con-Soul 1.5 oz DPD55,opi-powder-perfection-dip-powder-heart-and-con-soul-1-5-oz-dpd55,Hand swatch only on red background (no product jar shown),https://cdn.shopify.com/s/files/1/0752/7546/8972/files/Opi-Dip-Powder-Heart-and-Con-Soul-1-5-oz--DPD55.webp?v=1789176806,https://cdn.shopify.com/s/files/1/0649/4879/7673/files/heart_and_con_soul_dpd55_dipping_powder_99350187121_2000x2477_cdb91b1b-a156-4d21-a228-ad9527ded695.jpg?v=1747681549&width=1500,https://www.opi.com/products/dipping-powder-heart-and-con-soul,"opi.com main product image (Heart and Con-Soul); filename contains code DPD55; ""sku"":""99350187121"""
OPI Powder Perfection Dip Powder Pixel Dust 1.5 oz DPD51,opi-powder-perfection-dip-powder-pixel-dust-1-5-oz-dpd51,Hand swatch only on pink background (no product jar shown),https://cdn.shopify.com/s/files/1/0752/7546/8972/files/Opi-Dip-Powder-Pixel-Dust-1-5-oz--DPD51.webp?v=1789177366,https://cdn.shopify.com/s/files/1/0649/4879/7673/files/pixel_dust_dpd51_dipping_powder_99350187130_2000x2477_8e97fbbb-bba0-4f88-995b-cc891c180774.jpg?v=1747681757&width=1500,https://www.opi.com/products/dipping-powder-pixel-dust,"opi.com main product image (Pixel Dust); filename contains code DPD51; ""sku"":""99350187130"""
OPI Powder Perfection Dip Powder You Don't Know Jacques! 1.5 oz DPF15,opi-powder-perfection-dip-powder-you-dont-know-jacques-1-5-oz-dpf15,Lifestyle shot of hand holding jar with dark manicure; not a clean product shot,https://cdn.shopify.com/s/files/1/0752/7546/8972/files/99350136693.webp?v=1789176971,https://cdn.shopify.com/s/files/1/0649/4879/7673/products/you-dont-know-jacques-dpf15-dipping-powder-22550220115_b31ca416-c3f1-4644-bd9b-fce7ce198c7a.jpg?v=1668736565&width=1500,https://www.opi.com/products/dipping-powder-you-dont-know-jacques,"opi.com main product image (You Don't Know Jacques!); filename contains code DPF15; ""sku"":""22550220115"""
OPI Powder Perfection Dip Powder Lisbon Wants Moor OPI 1.5 oz DPL16,opi-powder-perfection-dip-powder-lisbon-wants-moor-opi-1-5-oz-dpl16,"main image 348x348, under 600px",https://cdn.shopify.com/s/files/1/0752/7546/8972/files/opi_dip_powder_perfection_lisbon_wants_moor_opi_1.5_oz_dpl16.jpg?v=1789177365,https://cdn.shopify.com/s/files/1/0649/4879/7673/products/lisbon-wants-moor-opi-dpl16-dipping-powder-22888302016_4d483e51-2cef-4b06-87af-a79ee8c3f864.jpg?v=1668648798,https://www.opi.com/products/dipping-powder-lisbon-wants-moor-opi,opi.com first media 2000x2477; alt: OPI Lisbon Wants Moor OPI Pink Dipping Powder
OPI Powder Perfection Dip Powder Love Is in the Bare 1.5 oz DPT69,opi-powder-perfection-dip-powder-love-is-in-the-bare-1-5-oz-dpt69,"main image 401x401, under 600px",https://cdn.shopify.com/s/files/1/0752/7546/8972/files/opi_dip_powder_perfection_love_is_in_the_bare_1.5_oz_dpt69.jpg?v=1789177369,https://cdn.shopify.com/s/files/1/0649/4879/7673/products/love-is-in-the-bare-dpt69-dipping-powder-22500366069_6598e1b3-2fb7-4ae4-ab1c-76f639054bf9.jpg?v=1668648938,https://www.opi.com/products/dipping-powder-love-is-in-the-bare,opi.com first media 2000x2477; alt: OPI Love is in the Bare Pink Dipping Powder
OPI GelColor Cajun Shrimp 0.5 oz GCL64,opi-gelcolor-cajun-shrimp-0-5-oz-gcl64,"main image 226x560, under 600px",https://cdn.shopify.com/s/files/1/0752/7546/8972/files/cajun-shrimp-gcl64-gel-color-22001154013.png?v=1789232690,https://cdn.shopify.com/s/files/1/0649/4879/7673/files/gc24_ecommerce_2024_jpg_cajun_shrimp_gcl64_gel_nail_polish_99399000659_2000x2477_50f79299-6306-4462-86df-089015a224d7.jpg?v=1725370133,https://www.opi.com/products/gel-nail-polish-cajun-shrimp,opi.com first media 2000x2477; alt: OPI Cajun Shrimp® Red Gel Nail Polish
OPI GelColor I'm Not Really a Waitress 0.5 oz GCH08,opi-gelcolor-im-not-really-a-waitress-0-5-oz-gch08,"main image 226x560, under 600px",https://cdn.shopify.com/s/files/1/0752/7546/8972/files/im-not-really-waitress-gch08-gel-color-22001154008.png?v=1789232692,https://cdn.shopify.com/s/files/1/0649/4879/7673/files/gc24_ecommerce_2024_jpg_im_not_really_a_waitress_gch08_gel_nail_polish_99399000645_2000x2477_65fc33b2-53d3-4b1f-b161-766b56b8a451.jpg?v=1725372768,https://www.opi.com/products/gel-nail-polish-im-not-really-a-waitress,opi.com first media 2000x2477; alt: OPI I'm Not Really a Waitress® Red Gel Nail Polish
OPI GelColor Strawberry Margarita 0.5 oz GCM23,opi-gelcolor-strawberry-margarita-0-5-oz-gcm23,"main image 226x560, under 600px",https://cdn.shopify.com/s/files/1/0752/7546/8972/files/strawberry-margarita-gcm23-gel-color-22007025223.png?v=1789232781,https://cdn.shopify.com/s/files/1/0649/4879/7673/files/gc24_ecommerce_2024_jpg_strawberry_margarita_gcm23_gel_nail_polish_99399000662_2000x2477_570eb84f-4e64-4161-a14e-0fa1cb730065.jpg?v=1725369793,https://www.opi.com/products/gel-nail-polish-strawberry-margarita,opi.com first media 2000x2477; alt: OPI Strawberry Margarita Pink Gel Nail Polish
OPI GelColor Samoan Sand 0.5 oz GCP61,opi-gelcolor-samoan-sand-0-5-oz-gcp61,"main image 226x560, under 600px",https://cdn.shopify.com/s/files/1/0752/7546/8972/files/SamoanSand_GC_P61_copy.png?v=1789232782,https://cdn.shopify.com/s/files/1/0649/4879/7673/files/gc24_ecommerce_2024_jpg_samoan_sand_gcp61_gel_nail_polish_99399000608_2000x2477_a3d6563b-32bd-4797-8325-db408edf2447.jpg?v=1725369238,https://www.opi.com/products/gel-nail-polish-samoan-sand,opi.com first media 2000x2477; alt: Samoan Sand Neutral Gel Nail Polish
OPI GelColor Princesses Rule! 0.5 oz GCR44,opi-gelcolor-princesses-rule-0-5-oz-gcr44,"main image 226x560, under 600px",https://cdn.shopify.com/s/files/1/0752/7546/8972/files/princesses-rule-gcr44-gel-color-22001154027.png?v=1789232786,https://cdn.shopify.com/s/files/1/0649/4879/7673/files/gc24_ecommerce_2024_jpg_princesses_rule_gcr44_gel_nail_polish_99399000609_2000x2477_2d6e84ea-301d-4821-b52f-f5034ac724a5.jpg?v=1725368190,https://www.opi.com/products/gel-nail-polish-princesses-rule,opi.com first media 2000x2477; alt: OPI Princesses Rule!® Pink Gel Nail Polish
OPI GelColor Gimme a Lido Kiss 0.5 oz GCV30,opi-gelcolor-gimme-a-lido-kiss-0-5-oz-gcv30,"main image 226x560, under 600px",https://cdn.shopify.com/s/files/1/0752/7546/8972/files/gimme-a-lido-kiss-gcv30-gel-color-22995248030.png?v=1789232884,https://cdn.shopify.com/s/files/1/0649/4879/7673/files/gc24_ecommerce_2024_jpg_gimme_a_lido_kiss_gcv30_gel_nail_polish_99399000785_2000x2477_fdcfaba2-a494-4a2d-a1d1-5debfb0e3aa8.jpg?v=1721759137,https://www.opi.com/products/gel-nail-polish-gimme-a-lido-kiss,opi.com first media 2000x2477; alt: OPI Gimme a Lido Kiss Red Gel Nail Polish
OPI GelColor Stop It I'm Blushing! 0.5 oz GCT74,opi-gelcolor-stop-it-im-blushing-0-5-oz-gct74,"main image 226x560, under 600px",https://cdn.shopify.com/s/files/1/0752/7546/8972/files/stop-it-im-blushing-gct74-gel-color-22994291174.png?v=1789232885,https://cdn.shopify.com/s/files/1/0649/4879/7673/files/gc24_ecommerce_2024_jpg_stop_it_i_m_blushing_gct74_gel_nail_polish_99399000618_2000x2477_83dbde1b-7107-461f-ac2b-c7bb095c4422.jpg?v=1725369642,https://www.opi.com/products/gel-nail-polish-stop-it-im-blushing,opi.com first media 2000x2477; alt: OPI Stop It I'm Blushing! Nude Gel Nail Polish
OPI GelColor Humidi-Tea 0.5 oz GCN52,opi-gelcolor-humidi-tea-0-5-oz-gcn52,"main image 226x560, under 600px",https://cdn.shopify.com/s/files/1/0752/7546/8972/files/humiditea-gcn52-gel-color-22994207152.png?v=1789232889,https://cdn.shopify.com/s/files/1/0649/4879/7673/files/gc26_ecommerce_2026_jpg_humidi_tea_gcn52_gel_nail_polish_99399002055_2000x2477_39bd2934-ae35-436f-8be5-d4b8e0fe9738.jpg?v=1781117075,https://www.opi.com/products/gel-nail-polish-humidi-tea,opi.com first media 2000x2477; alt: OPI Humidi-Tea Nude Gel Nail Polish
OPI GelColor Don't Bossa Nova Me Around 0.5 oz GCA60,opi-gelcolor-dont-bossa-nova-me-around-0-5-oz-gca60,"main image 226x560, under 600px",https://cdn.shopify.com/s/files/1/0752/7546/8972/files/dont-bossa-nova-me-around-gca60-gel-color-22002251063.png?v=1789232955,https://cdn.shopify.com/s/files/1/0649/4879/7673/files/gc24_ecommerce_2024_jpg_dont_bossa_nova_me_around_gca60_gel_nail_polish_99399000627_2000x2477_76df5f66-d534-4e2e-adb9-fb63fed1f65a.jpg?v=1725370742,https://www.opi.com/products/gel-nail-polish-dont-bossa-nova-me-around,opi.com first media 2000x2477; alt: OPI Don't Bossa Nova Me Around® Nude Gel Nail Polish
OPI GelColor OPI Red 0.5 oz GCL72,opi-gelcolor-opi-red-0-5-oz-gcl72,"main image 226x560, under 600px",https://cdn.shopify.com/s/files/1/0752/7546/8972/files/OPIRed_GC_L72_copy.png?v=1789232961,https://cdn.shopify.com/s/files/1/0649/4879/7673/files/gc24_ecommerce_2024_jpg_opi_red_gcl72_gel_nail_polish_99399000660_2000x2477_392adede-94d7-4b0b-9596-5efb0a93e0b4.jpg?v=1725366577,https://www.opi.com/products/gel-nail-polish-opi-red,opi.com first media 2000x2477; alt: OPI OPI Red Red Gel Nail Polish
Genus Color Developer Professional Hair Coloring Solution 1000ml,genus-color-developer-professional-hair-coloring-solution-1000ml,"main image 500x500, under 600px",https://cdn.shopify.com/s/files/1/0752/7546/8972/files/genus-color-developer-professional-hair-coloring-solution-1000ml.jpg?v=1787784895,,,"not found on genushair.com: site has only line pages (e.g. /saturation/) with lifestyle collages, no product-level shots for this item."
Genus Compact Bleaching Powder 500g Hair Lightening Formula,genus-compact-bleaching-powder-500g-hair-lightening-formula,"main image 501x501, under 600px",https://cdn.shopify.com/s/files/1/0752/7546/8972/files/genus-compact-bleaching-powder-500g-hair-lightening-formula.jpg?v=1787784896,,,"not found on genushair.com: site has only line pages (e.g. /saturation/) with lifestyle collages, no product-level shots for this item."
Bbcos Kristal Evo Nutritive Hair Shampoo for Treated Hair,bbcos-kristal-evo-nutritive-hair-shampoo-for-treated-hair,"main image 239x395, under 600px",https://cdn.shopify.com/s/files/1/0752/7546/8972/files/https_3A_2F_2Fimages.squarespace-cdn.com_2Fcontent_2Fv1_2F642b43c4f98de80d7c0802fa_2F1681922837343-EF7LB108W32LQNC73Z9N_2F222.jpg?v=1777786053,https://www.bbcos.it/images/prodotti/care/kristalevo-nutritive-hair-shampoo.png,https://www.bbcos.it/en/schede/kristalevo-nutritive-hair-shampoo,"Official transparent PNG 360x1118 (tall narrow bottle). Far more pixels than current 239x395, but width still under 600 because of the bottle shape."
SODIPRO Post Treatment Sulfate-Free Shampoo For Chemically Treated Hair 1000 ml,sodipro-post-treatment-sulfate-free-shampoo-for-chemically-treated-hair,"main image 417x528, under 600px",https://cdn.shopify.com/s/files/1/0752/7546/8972/files/https_3A_2F_2Fimages.squarespace-cdn.com_2Fcontent_2Fv1_2F642b43c4f98de80d7c0802fa_2F1681836399248-J6NEYHPE7WVFTFNQVUBB_2FSEMI_2BDI_2BLINO.jpg?v=1777819739,,,not found: sodipro.com is only a GoDaddy welcome page with no products.
Sodipro Method Active Hair Loss Plant Stem Cell Kit,sodipro-method-active-hair-loss-plant-stem-cell-kit,"main image 343x352, under 600px",https://cdn.shopify.com/s/files/1/0752/7546/8972/files/https_3A_2F_2Fimages.squarespace-cdn.com_2Fcontent_2Fv1_2F642b43c4f98de80d7c0802fa_2F1680687946965-TSG0CPFP1DY92BUWI1DM_2Fsodi_2Bactv_2B1.jpg?v=1777819859,,,not found: sodipro.com is only a GoDaddy welcome page with no products.
Sodipro Reconstructor Thermal Treatment Kit 1L Keratin System,sodipro-reconstructor-thermal-treatment-kit-1l-keratin-system,"main image 329x438, under 600px",https://cdn.shopify.com/s/files/1/0752/7546/8972/files/https_3A_2F_2Fimages.squarespace-cdn.com_2Fcontent_2Fv1_2F642b43c4f98de80d7c0802fa_2F1682402066320-SNPP25VFG59TYP5A6THG_2FKIT_2B8.jpg?v=1777819903,,,not found: sodipro.com is only a GoDaddy welcome page with no products.
Nirvel Artic Blond Hair Mask Brass Neutralizing Treatment 250ml,nirvel-artic-blond-hair-mask-brass-neutralizing-treatment-250ml,"main image 217x494, under 600px",https://cdn.shopify.com/s/files/1/0752/7546/8972/files/https_3A_2F_2Fm.media-amazon.com_2Fimages_2FI_2F41WgywvDp9L._AC.jpg?v=1779764769,https://nirvel.com/wp-content/uploads/2019/10/6222_articBlondMask_250ml.png,https://nirvel.com/producto/artic-blond-mask/,"Official 600x600 PNG (og:image), best size nirvel.com offers. Current is 217x494."
Genus Saturation Direct Hair Dye Gel Vitamin E Enriched,genus-saturation-direct-hair-dye-gel-vitamin-e-enriched,"main image 501x501, under 600px",https://cdn.shopify.com/s/files/1/0752/7546/8972/files/genus-saturation-direct-hair-dye-gel-vitamin-e-enriched.jpg?v=1787784761,,,"not found on genushair.com: site has only line pages (e.g. /saturation/) with lifestyle collages, no product-level shots for this item."
Sodi Professional Semi Di Lino Post Treatment Sulfate Free Conditioner 1000 ml,sodi-professional-semi-di-lino-post-treatment-sulfate-free-conditioner,"main image 255x505, under 600px",https://cdn.shopify.com/s/files/1/0752/7546/8972/files/https_3A_2F_2Fnebula.wsimg.png?v=1785522296,,,not found: sodipro.com is only a GoDaddy welcome page with no products.
Kristal Evo Styling Mousse 10.1 fl oz Professional Formula,kristal-evo-styling-mousse-10-1-fl-oz-professional-formula,"main image 529x519, under 600px",https://cdn.shopify.com/s/files/1/0752/7546/8972/files/http_3A_2F_2Fstatic1.squarespace.com_2Fstatic_2F642b43c4f98de80d7c0802fa_2F642b444dd5affd603665fedb_2F643eabb6560a9e5f612a93bf_2F1743516960785_2FMOOSSE.jpg?v=1785901286,,,"not found on bbcos.it: Kristal Evo has shampoo/mask/cream only, no styling mousse (Energy Foam is a different product)."
Bigen Semi-Permanent Hair Color Dark Brown DB2,bigen-semi-permanent-hair-color-dark-brown-db2,"main image 450x450, under 600px",https://cdn.shopify.com/s/files/1/0752/7546/8972/files/https_3A_2F_2Fcdn.shopify.com_2Fs_2Ffiles_2F1_2F0725_2F9317_2F8795_2Ffiles_2F2f76bf472fbba76cd6012b695401be57.jpg?v=1786895901,,,not found: official bigenusa.com does not resolve; hoyu.co.jp (Japan) has no DB2/JB1 US item.
Bigen Semi-Permanent Hair Color Jet Black JB1,bigen-semi-permanent-hair-color-jet-black-jb1,"main image 450x450, under 600px",https://cdn.shopify.com/s/files/1/0752/7546/8972/files/https_3A_2F_2Fcdn.shopify.com_2Fs_2Ffiles_2F1_2F0725_2F9317_2F8795_2Ffiles_2Fde3889732f817368f281691c17660545.jpg?v=1786895954,,,not found: official bigenusa.com does not resolve; hoyu.co.jp (Japan) has no DB2/JB1 US item.
Sanek Black Nitrile Gloves,sanek-black-nitrile-gloves,"main image 450x450, under 600px",https://cdn.shopify.com/s/files/1/0752/7546/8972/files/https_3A_2F_2Fcdn.shopify.com_2Fs_2Ffiles_2F1_2F0725_2F9317_2F8795_2Ffiles_2F494c78541e91d6f7a994277fb884129c_4d65160f-90b6-47f1-9114-b4ac462565d4.jpg?v=1786896613,https://www.grahambeauty.com/wp-content/uploads/2024/11/gloves.png,https://www.grahambeauty.com/product/powder-free-nitrile-gloves/,Sanek is a Graham Beauty brand; official Sanek black nitrile box image but only 583x370 (still under 600 wide). Marginal gain over 450x450.
GRAH TRUEWAVE End Papers Super Jumbo,grah-truewave-end-papers-super-jumbo,"main image 450x450, under 600px",https://cdn.shopify.com/s/files/1/0752/7546/8972/files/https_3A_2F_2Fcdn.shopify.com_2Fs_2Ffiles_2F1_2F0725_2F9317_2F8795_2Ffiles_2F61YwFrqefOL._AC_SS450_36602ad9-e09c-4e6f-b177-d1c5ea788d9a.jpg?v=1786896848,https://www.grahambeauty.com/wp-content/uploads/2025/08/Graham-Beauty-26067-right-open.png,https://www.grahambeauty.com/product/truewave-end-papers/,"Official 1000x1000 PNG, but the box shown is labelled Jumbo 4x2.5in, not Super Jumbo; brand page lists all sizes under one product. Size match uncertain."
BaBylissPRO Nano Titanium Light Ionic High-Speed Dryer BNTC9200,babylisspro-nano-titanium-light-ionic-high-speed-dryer-bntc9200,"main image 442x438, under 600px",https://cdn.shopify.com/s/files/1/0752/7546/8972/files/https_3A_2F_2Fcdn.shopify.com_2Fs_2Ffiles_2F1_2F0725_2F9317_2F8795_2Ffiles_2FScreenshot-2024-10-14-104741_a01c3d0b-bc8b-4ce7-8345-bfa495a66ee0.jpg?v=1786899798,https://www.babylisspro.com/dw/image/v2/ABAF_PRD/on/demandware.static/-/Sites-master-us-babylisspro/default/dwe4c71132/images/7-31-24/BNTC9200_profile_s.jpg?sw=1200&sh=1200&sm=fit,https://www.babylisspro.com/nano-titanium-light-ionic-high-speed-dryer/BNTC9200-N.html,"Main product image; original is 1800x1800 (URL requests a 1200x1200 render, drop the ?sw params for full size)."
Clairol Professional BW2+ Powder Lightener 320832,clairol-professional-bw2-powder-lightener-320832,"main image 500x500, under 600px",https://cdn.shopify.com/s/files/1/0752/7546/8972/files/https_3A_2F_2Fcdn.shopify.com_2Fs_2Ffiles_2F1_2F0725_2F9317_2F8795_2Ffiles_2Fe046dff7c289494760af69cc593a2910.jpg?v=1786899972,,,"not found on clairol.com / clairolpro.com (no BW2+ page). The Coty/Wella pro store lists it but only at 520x520, no improvement."
Clairol Professional BW2+ Powder Lightener 320836,clairol-professional-bw2-powder-lightener-320836,"main image 500x500, under 600px",https://cdn.shopify.com/s/files/1/0752/7546/8972/files/https_3A_2F_2Fcdn.shopify.com_2Fs_2Ffiles_2F1_2F0725_2F9317_2F8795_2Ffiles_2F6e44c318fe524d57ef1535c08c60cf69.jpg?v=1786899987,,,"not found on clairol.com / clairolpro.com (no BW2+ page). The Coty/Wella pro store lists it but only at 520x520, no improvement."
Wahl Large Styling Combs 12 Pack,wahl-large-styling-combs-12-pack,"main image 500x500, under 600px",https://cdn.shopify.com/s/files/1/0752/7546/8972/files/https_3A_2F_2Fcdn.shopify.com_2Fs_2Ffiles_2F1_2F0725_2F9317_2F8795_2Ffiles_2Fzmmetfhmf9qvqd1nzdiw_7a28a660-c834-439e-a672-abd8140f1e2e.png?v=1786900309,,,not found on wahlusa.com / wahlpro.com / ca.wahl.com (no Large Styling Combs 12 pack listing).
Eco Krystal Gel Professional Styling 16oz,eco-krystal-gel-professional-styling-16oz,"main image 450x450, under 600px",https://cdn.shopify.com/s/files/1/0752/7546/8972/files/https_3A_2F_2Fcdn.shopify.com_2Fs_2Ffiles_2F1_2F0725_2F9317_2F8795_2Ffiles_2F531ef581da232e7216cbf3a76c3149dd.jpg?v=1786901822,,,not found on ecostyle.com (the real Eco Style site; ecostyler.com is a parked domain): no Krystal gel listed.
L3VEL3 Tinted Hair Gel Black Color,l3vel3-tinted-hair-gel-black-color,"main image 500x500, under 600px",https://cdn.shopify.com/s/files/1/0752/7546/8972/files/https_3A_2F_2Fcdn.shopify.com_2Fs_2Ffiles_2F1_2F0725_2F9317_2F8795_2Ffiles_2Flevel3-tinted-gel_7bc0f2ab-05bd-49dc-a595-2fa488e0f8fb.jpg?v=1786902206,https://cdn.shopify.com/s/files/1/0631/0218/9826/products/Tinted-Gel.jpg,https://lv3.com/products/tinted-hair-gel,Brand site is lv3.com (www.l3vel3.com redirects there). Main image 2000x2000.
L3VEL3 Lit Bleach Powder Level 9+ 500g,l3vel3-lit-bleach-powder-level-9-500g,"main image 500x500, under 600px",https://cdn.shopify.com/s/files/1/0752/7546/8972/files/https_3A_2F_2Fcdn.shopify.com_2Fs_2Ffiles_2F1_2F0725_2F9317_2F8795_2Ffiles_2Fc85762d7e6d4c2c9ac9fda1fcc2371e4.jpg?v=1786902302,https://cdn.shopify.com/s/files/1/0631/0218/9826/files/bleachprof_4e5f1669-5a5b-49a3-bcbf-f552648608d6.jpg,https://lv3.com/products/bondfusion-bleach-powder,Brand page is titled BondFusion LIT Bleach Powder (500 gr variant SKU L3-BLEACH-LVL9+-500GR). Main image 1500x1500.
"PND PE Toe Separators Multi-Color, Case of 1,000 Pairs",pnd-pe-toe-separators-multi-color-case-of-1-000-pairs,"main image 553x407, under 600px",https://cdn.shopify.com/s/files/1/0752/7546/8972/files/pnd-pe-toe-separators-case-of-1000-pairs.png?v=1788626683,,,"not found: PND has no own site; it appears only as a vendor name on purespadirect.com (a retailer, not used)."
"PND EVA Toe Separators Multi-Color, Case of 1,000 Pairs",pnd-eva-toe-separators-multi-color-case-of-1-000-pairs,"main image 553x407, under 600px",https://cdn.shopify.com/s/files/1/0752/7546/8972/files/pnd-eva-toe-separators-case-of-1000-pairs.png?v=1788626689,,,"not found: PND has no own site; it appears only as a vendor name on purespadirect.com (a retailer, not used)."
DND Gel & Lacquer Duo Midnight Sapphire #762,dnd-gel-lacquer-duo-midnight-sapphire-762,"main image 470x470, under 600px",https://cdn.shopify.com/s/files/1/0752/7546/8972/files/762-2.jpg?v=1789246141,https://cdn.shopify.com/s/files/1/0695/1583/7721/files/762.webp?v=1776364755,https://www.dndgel.com/products/midnight-sapphire-762,"Gallery image 4 on dndgel.com, 3600x3600 duo bottle shot (viewed). The brand page main image is only 470x470 (same as current), so this is not the first image there."
New Adara Forti Gloss Nail Keratin Treatment 15ml,new-adara-forti-gloss-nail-keratin-treatment-15ml,"main image 400x500, under 600px",https://cdn.shopify.com/s/files/1/0752/7546/8972/files/file_79702161-8b72-401d-80da-e219a1fca436.jpg?v=1790910122,https://static.wixstatic.com/media/1a7e2b_254fd52273664337bd7ed48ba505fcd9~mv2.png,https://www.newadaranails.com/product-page/forti-gloss,Original Wix upload 1254x1254 (viewed: three Forti Gloss bottles).
New Adara Cuticle Oil Brush Pen,new-adara-cuticle-oil-brush-pen,"main image 494x500, under 600px",https://cdn.shopify.com/s/files/1/0752/7546/8972/files/file_ca0afc52-c056-4b90-889d-2f515d5d9524.jpg?v=1790910129,https://static.wixstatic.com/media/1a7e2b_0d2501f2a4a549b1b3f3a9b34bdc93a3~mv2.jpeg,https://www.newadaranails.com/product-page/handmade-vegan-cuticle-oil-pens,"Original Wix upload 1024x1024 (viewed: strawberry cuticle oil pen). Page covers several pen flavours, confirm flavour matches the store listing."
New Adara Saturn Cat Eye Nail Polish,new-adara-saturn-cat-eye-nail-polish,"main image 500x500, under 600px",https://cdn.shopify.com/s/files/1/0752/7546/8972/files/file_a2cf24f9-7faa-4433-9161-c6244548c842.jpg?v=1790909428,https://static.wixstatic.com/media/1a7e2b_ebad3b3086d3439d831f56614c25d1a7~mv2.jpg,https://www.newadaranails.com/product-page/saturn-cat-eye,Original Wix upload 1024x1024 (viewed: Saturn Cat Eye gel bottle).
New Adara Terra Bloom Repair Cuticle Oil 15ml,new-adara-terra-bloom-repair-cuticle-oil-15ml,"main image 500x500, under 600px",https://cdn.shopify.com/s/files/1/0752/7546/8972/files/file_0400f486-6399-40b2-831c-426faf753720.jpg?v=1790910116,https://static.wixstatic.com/media/1a7e2b_2233218d532f40a480a61b40d8a71472~mv2.jpeg,https://www.newadaranails.com/product-page/terra-bloom,Original Wix upload 1024x1024 (viewed: Terra Bloom dropper bottle).
Inoar Blends Collection Antiaging Professional Leave-in Hair Cream 500g,inoar-blends-collection-antiaging-professional-leave-in-hair-cream-500g,main image faded/washed out (nearly white); the product's 2nd image is the correct dark jar,https://cdn.shopify.com/s/files/1/0752/7546/8972/files/inoar-blends-collection-antiaging-professional-leave-in-hair-cream-500g.jpg,,,"not found on inoar.com: only old orange Blends (oleos essenciais) images on inoar.com/produto/blends/, not the dark Antiaging/Vitaminas Antioxidantes creme. Keep using the 2nd Shopify image."
Nirvel Professional Decogel Non-Volatile Bleaching Gel 500g,nirvel-professional-decogel-non-volatile-bleaching-gel-500g,main image faded/hazy; the store's other images are crisp,https://cdn.shopify.com/s/files/1/0752/7546/8972/files/nirvel-professional-decogel-non-volatile-bleaching-gel-500g.jpg,https://nirvel.com/wp-content/uploads/2019/07/6699_decogel_500g.png,https://nirvel.com/producto/decogel/,"The .jpg URLs you gave are dead (301 to homepage). The product page hosts the same files as .png: 6699_decogel_500g.png (1080x1080, box+bag+scoop, HTTP 200). Bag-only alt: https://nirvel.com/wp-content/uploads/2019/07/7148_decogelBolsa_500g.png (HTTP 200)."
Genus Perpetual 24-7 Repairing Leave-In Hair Treatment 50ml,genus-perpetual-24-7-repairing-leave-in-hair-treatment-50ml,"reviewed: main image is sharp, no replacement needed (alternate image 2480x3508 is larger)",https://cdn.shopify.com/s/files/1/0752/7546/8972/files/genus-perpetual-24-7-repairing-leave-in-hair-treatment-50ml.jpg,,,
